datetime,open,high,low,close,volume,open_interest
2026-03-17 09:13:00,6844.0,6852.0,6842.0,6846.0,3774,1129087
2026-03-17 09:14:00,6850.0,6852.0,6840.0,6846.0,3066,1129077
2026-03-17 09:15:00,6846.0,6846.0,6830.0,6832.0,4554,1128297
2026-03-17 09:16:00,6836.0,6836.0,6818.0,6832.0,5469,1127839
2026-03-17 09:17:00,6832.0,6858.0,6828.0,6842.0,8248,1127448
2026-03-17 09:18:00,6844.0,6856.0,6842.0,6842.0,4976,1126823
2026-03-17 09:19:00,6844.0,6854.0,6834.0,6846.0,4794,1126632
2026-03-17 09:20:00,6848.0,6856.0,6844.0,6848.0,3404,1126553
2026-03-17 09:21:00,6846.0,6856.0,6844.0,6846.0,2825,1126357
2026-03-17 09:22:00,6840.0,6844.0,6832.0,6842.0,3708,1127083
2026-03-17 09:23:00,6840.0,6842.0,6822.0,6840.0,4790,1128173
2026-03-17 09:24:00,6840.0,6842.0,6826.0,6828.0,2716,1127594
2026-03-17 09:25:00,6830.0,6844.0,6828.0,6828.0,4348,1127069
2026-03-17 09:26:00,6828.0,6838.0,6826.0,6838.0,2002,1126943
2026-03-17 09:27:00,6838.0,6852.0,6834.0,6852.0,2306,1126845
2026-03-17 09:28:00,6850.0,6866.0,6850.0,6866.0,4289,1126284
2026-03-17 09:29:00,6864.0,6864.0,6844.0,6844.0,3768,1126224
2026-03-17 09:30:00,6846.0,6850.0,6822.0,6832.0,4575,1126174
2026-03-17 09:31:00,6830.0,6832.0,6820.0,6826.0,5061,1126283
2026-03-17 09:32:00,6830.0,6834.0,6822.0,6828.0,3906,1125979
2026-03-17 09:33:00,6828.0,6840.0,6828.0,6838.0,2317,1125763
2026-03-17 09:34:00,6836.0,6850.0,6836.0,6848.0,2397,1125943
2026-03-17 09:35:00,6852.0,6854.0,6834.0,6846.0,4822,1125377
2026-03-17 09:36:00,6846.0,6850.0,6834.0,6836.0,1866,1125278
2026-03-17 09:37:00,6836.0,6848.0,6832.0,6848.0,1686,1125081
2026-03-17 09:38:00,6846.0,6862.0,6846.0,6862.0,2955,1124571
2026-03-17 09:39:00,6862.0,6870.0,6858.0,6870.0,3592,1124776
2026-03-17 09:40:00,6872.0,6886.0,6870.0,6878.0,5979,1124730
2026-03-17 09:41:00,6880.0,6882.0,6874.0,6880.0,2946,1124915
2026-03-17 09:42:00,6882.0,6882.0,6858.0,6872.0,3969,1124508
2026-03-17 09:43:00,6868.0,6872.0,6860.0,6866.0,2348,1124282
2026-03-17 09:44:00,6866.0,6868.0,6846.0,6848.0,3135,1123932
2026-03-17 09:45:00,6844.0,6860.0,6840.0,6852.0,2160,1123855
2026-03-17 09:46:00,6852.0,6864.0,6850.0,6856.0,2981,1123906
2026-03-17 09:47:00,6862.0,6870.0,6860.0,6870.0,1803,1123929
2026-03-17 09:48:00,6872.0,6900.0,6870.0,6882.0,7826,1124207
2026-03-17 09:49:00,6882.0,6884.0,6870.0,6872.0,3198,1124438
2026-03-17 09:50:00,6872.0,6876.0,6866.0,6870.0,909,1124543
2026-03-17 09:51:00,6866.0,6876.0,6860.0,6868.0,2811,1124702
2026-03-17 09:52:00,6866.0,6878.0,6862.0,6878.0,1753,1124835
2026-03-17 09:53:00,6880.0,6884.0,6870.0,6880.0,1798,1124922
2026-03-17 09:54:00,6880.0,6892.0,6874.0,6874.0,2979,1124774
2026-03-17 09:55:00,6874.0,6886.0,6874.0,6884.0,926,1124871
2026-03-17 09:56:00,6882.0,6894.0,6880.0,6880.0,2410,1124719
2026-03-17 09:57:00,6880.0,6894.0,6880.0,6888.0,3132,1125142
2026-03-17 09:58:00,6890.0,6894.0,6882.0,6884.0,1695,1125003
2026-03-17 09:59:00,6886.0,6896.0,6882.0,6894.0,1433,1125015
2026-03-17 10:00:00,6894.0,6900.0,6892.0,6896.0,4130,1125052
2026-03-17 10:01:00,6896.0,6914.0,6892.0,6910.0,5725,1124002
2026-03-17 10:02:00,6910.0,6930.0,6910.0,6930.0,6605,1124191
2026-03-17 10:03:00,6930.0,6938.0,6928.0,6930.0,5084,1124957
2026-03-17 10:04:00,6928.0,6936.0,6922.0,6934.0,2473,1124738
2026-03-17 10:05:00,6936.0,6944.0,6928.0,6934.0,3701,1124884
2026-03-17 10:06:00,6936.0,6938.0,6932.0,6932.0,2633,1125043
2026-03-17 10:07:00,6932.0,6942.0,6930.0,6930.0,1927,1124904
2026-03-17 10:08:00,6932.0,6944.0,6922.0,6940.0,3728,1124874
2026-03-17 10:09:00,6944.0,6950.0,6942.0,6948.0,4047,1124776
2026-03-17 10:10:00,6946.0,6948.0,6922.0,6926.0,3819,1125023
2026-03-17 10:11:00,6928.0,6930.0,6924.0,6930.0,1837,1125136
2026-03-17 10:12:00,6930.0,6936.0,6926.0,6930.0,1615,1125432
2026-03-17 10:13:00,6932.0,6944.0,6928.0,6936.0,2918,1125467
2026-03-17 10:14:00,6936.0,6942.0,6930.0,6930.0,1678,1126123
2026-03-17 10:15:00,6932.0,6954.0,6930.0,6954.0,3745,1125270
2026-03-17 10:31:00,6954.0,6954.0,6912.0,6912.0,10009,1125053
2026-03-17 10:32:00,6916.0,6916.0,6882.0,6882.0,8941,1126655
2026-03-17 10:33:00,6884.0,6884.0,6854.0,6862.0,12765,1128118
2026-03-17 10:34:00,6864.0,6868.0,6844.0,6858.0,10577,1129124
2026-03-17 10:35:00,6856.0,6856.0,6838.0,6850.0,7378,1129361
2026-03-17 10:36:00,6848.0,6848.0,6822.0,6828.0,9407,1129245
2026-03-17 10:37:00,6832.0,6834.0,6818.0,6832.0,7598,1130123
2026-03-17 10:38:00,6832.0,6850.0,6830.0,6838.0,5358,1129252
2026-03-17 10:39:00,6838.0,6856.0,6836.0,6852.0,4015,1129793
2026-03-17 10:40:00,6850.0,6862.0,6840.0,6858.0,3454,1129330
2026-03-17 10:41:00,6856.0,6862.0,6854.0,6862.0,1869,1129166
2026-03-17 10:42:00,6858.0,6868.0,6852.0,6864.0,3585,1129205
2026-03-17 10:43:00,6862.0,6868.0,6858.0,6858.0,1609,1129174
2026-03-17 10:44:00,6860.0,6868.0,6858.0,6868.0,1833,1129393
2026-03-17 10:45:00,6868.0,6870.0,6856.0,6860.0,2058,1129446
2026-03-17 10:46:00,6860.0,6866.0,6854.0,6856.0,2488,1129591
2026-03-17 10:47:00,6860.0,6874.0,6858.0,6872.0,2161,1129220
2026-03-17 10:48:00,6870.0,6890.0,6868.0,6888.0,4190,1129269
2026-03-17 10:49:00,6890.0,6894.0,6878.0,6882.0,4347,1129989
2026-03-17 10:50:00,6882.0,6890.0,6880.0,6882.0,1870,1130184
2026-03-17 10:51:00,6882.0,6884.0,6870.0,6882.0,2728,1130733
2026-03-17 10:52:00,6884.0,6884.0,6872.0,6876.0,1235,1130808
2026-03-17 10:53:00,6874.0,6882.0,6872.0,6876.0,1566,1130975
2026-03-17 10:54:00,6872.0,6878.0,6872.0,6876.0,775,1130767
2026-03-17 10:55:00,6874.0,6874.0,6868.0,6870.0,1643,1130319
2026-03-17 10:56:00,6870.0,6880.0,6868.0,6878.0,1940,1130861
2026-03-17 10:57:00,6880.0,6884.0,6862.0,6862.0,2623,1131127
2026-03-17 10:58:00,6862.0,6866.0,6858.0,6866.0,2753,1131293
2026-03-17 10:59:00,6866.0,6872.0,6866.0,6868.0,1836,1131698
2026-03-17 11:00:00,6868.0,6870.0,6848.0,6850.0,3452,1131296
2026-03-17 11:01:00,6850.0,6854.0,6836.0,6838.0,5220,1130396
2026-03-17 11:02:00,6836.0,6838.0,6820.0,6820.0,5704,1130567
2026-03-17 11:03:00,6820.0,6826.0,6812.0,6824.0,4786,1130253
2026-03-17 11:04:00,6824.0,6824.0,6796.0,6806.0,7889,1130496
2026-03-17 11:05:00,6804.0,6806.0,6792.0,6804.0,3326,1130102
2026-03-17 11:06:00,6804.0,6812.0,6802.0,6804.0,3078,1130181
2026-03-17 11:07:00,6802.0,6812.0,6798.0,6806.0,2834,1130707
2026-03-17 11:08:00,6804.0,6818.0,6804.0,6810.0,2689,1130857
2026-03-17 11:09:00,6808.0,6808.0,6794.0,6796.0,2774,1131004
2026-03-17 11:10:00,6796.0,6806.0,6796.0,6800.0,1945,1131327
2026-03-17 11:11:00,6800.0,6812.0,6794.0,6808.0,2785,1131504
2026-03-17 11:12:00,6806.0,6810.0,6796.0,6806.0,1799,1132013
2026-03-17 11:13:00,6804.0,6816.0,6802.0,6814.0,2028,1131982
2026-03-17 11:14:00,6814.0,6818.0,6806.0,6808.0,2815,1132049
2026-03-17 11:15:00,6806.0,6816.0,6800.0,6814.0,2983,1132250
2026-03-17 11:16:00,6812.0,6814.0,6808.0,6810.0,1183,1132183
2026-03-17 11:17:00,6810.0,6810.0,6800.0,6800.0,1465,1132517
2026-03-17 11:18:00,6800.0,6806.0,6792.0,6794.0,3120,1132924
2026-03-17 11:19:00,6794.0,6802.0,6788.0,6802.0,4305,1133913
2026-03-17 11:20:00,6800.0,6820.0,6800.0,6816.0,2683,1133817
2026-03-17 11:21:00,6818.0,6838.0,6818.0,6832.0,5376,1133143
2026-03-17 11:22:00,6834.0,6842.0,6826.0,6840.0,2894,1133104
2026-03-17 11:23:00,6842.0,6850.0,6840.0,6850.0,2975,1133157
2026-03-17 11:24:00,6848.0,6886.0,6848.0,6884.0,9576,1133611
2026-03-17 11:25:00,6882.0,6900.0,6882.0,6888.0,7071,1134038
2026-03-17 11:26:00,6886.0,6894.0,6884.0,6888.0,3724,1133689
2026-03-17 11:27:00,6890.0,6892.0,6880.0,6892.0,4025,1133126
2026-03-17 11:28:00,6892.0,6898.0,6874.0,6876.0,3380,1132178
2026-03-17 11:29:00,6876.0,6876.0,6860.0,6870.0,2440,1131598
2026-03-17 11:30:00,6872.0,6872.0,6864.0,6872.0,2181,1131256
2026-03-17 13:31:00,6850.0,6850.0,6832.0,6838.0,9669,1132119
2026-03-17 13:32:00,6836.0,6840.0,6828.0,6828.0,4050,1131836
2026-03-17 13:33:00,6830.0,6830.0,6810.0,6810.0,1544,1132024
2026-03-17 13:34:00,6810.0,6810.0,6790.0,6794.0,10545,1132452
2026-03-17 13:35:00,6792.0,6804.0,6786.0,6792.0,6048,1133169
2026-03-17 13:36:00,6794.0,6812.0,6794.0,6812.0,4634,1133244
2026-03-17 13:37:00,6812.0,6846.0,6812.0,6842.0,8362,1132151
2026-03-17 13:38:00,6840.0,6842.0,6834.0,6836.0,2117,1131864
2026-03-17 13:39:00,6836.0,6852.0,6830.0,6852.0,4343,1132128
2026-03-17 13:40:00,6848.0,6854.0,6844.0,6846.0,3163,1132406
2026-03-17 13:41:00,6846.0,6848.0,6838.0,6838.0,564,1132884
2026-03-17 13:42:00,6838.0,6850.0,6838.0,6848.0,1495,1132859
2026-03-17 13:43:00,6848.0,6852.0,6840.0,6850.0,2233,1132886
2026-03-17 13:44:00,6854.0,6866.0,6852.0,6864.0,4976,1132289
2026-03-17 13:45:00,6864.0,6886.0,6864.0,6882.0,5799,1132615
2026-03-17 13:46:00,6884.0,6908.0,6884.0,6892.0,686,1132116
2026-03-17 13:47:00,6896.0,6902.0,6886.0,6888.0,4614,1132268
2026-03-17 13:48:00,6886.0,6896.0,6884.0,6890.0,2264,1132310
2026-03-17 13:49:00,6894.0,6904.0,6878.0,6878.0,2202,1132282
2026-03-17 13:50:00,6878.0,6896.0,6872.0,6892.0,3313,1131937
2026-03-17 13:51:00,6890.0,6900.0,6888.0,6898.0,3543,1132567
2026-03-17 13:52:00,6898.0,6904.0,6896.0,6902.0,1123,1132858
2026-03-17 13:53:00,6902.0,6924.0,6896.0,6920.0,4932,1133746
2026-03-17 13:54:00,6920.0,6928.0,6918.0,6924.0,4436,1134016
2026-03-17 13:55:00,6924.0,6932.0,6918.0,6930.0,4636,1133767
2026-03-17 13:56:00,6936.0,6952.0,6936.0,6942.0,10292,1135443
2026-03-17 13:57:00,6944.0,6958.0,6938.0,6944.0,6278,1135181
2026-03-17 13:58:00,6942.0,6950.0,6932.0,6938.0,5387,1135286
2026-03-17 13:59:00,6940.0,6954.0,6940.0,6950.0,4575,1135281
2026-03-17 14:00:00,6950.0,6952.0,6942.0,6944.0,4397,1135404
2026-03-17 14:01:00,6950.0,6950.0,6934.0,6950.0,10349,1133959
2026-03-17 14:02:00,6946.0,6948.0,6936.0,6938.0,4844,1133762
2026-03-17 14:03:00,6938.0,6954.0,6936.0,6942.0,4515,1133106
2026-03-17 14:04:00,6946.0,6950.0,6938.0,6950.0,3407,1133182
2026-03-17 14:05:00,6954.0,6960.0,6940.0,6948.0,4261,1132869
2026-03-17 14:06:00,6950.0,6954.0,6942.0,6942.0,664,1132750
2026-03-17 14:07:00,6942.0,6956.0,6942.0,6954.0,206,1132771
2026-03-17 14:08:00,6954.0,6956.0,6936.0,6954.0,343,1132877
2026-03-17 14:09:00,6956.0,6984.0,6956.0,6978.0,6528,1131236
2026-03-17 14:10:00,6976.0,6976.0,6940.0,6946.0,7621,1131734
2026-03-17 14:11:00,6944.0,6952.0,6938.0,6938.0,5373,1132249
2026-03-17 14:12:00,6936.0,6936.0,6898.0,6910.0,4199,1130612
2026-03-17 14:13:00,6910.0,6922.0,6910.0,6916.0,6695,1130995
2026-03-17 14:14:00,6916.0,6922.0,6914.0,6920.0,2210,1131407
2026-03-17 14:15:00,6912.0,6912.0,6896.0,6900.0,6688,1133116
2026-03-17 14:16:00,6900.0,6908.0,6896.0,6896.0,5847,1133402
2026-03-17 14:17:00,6894.0,6908.0,6894.0,6894.0,4920,1132570
2026-03-17 14:18:00,6896.0,6898.0,6878.0,6878.0,745,1132917
2026-03-17 14:19:00,6876.0,6880.0,6862.0,6878.0,4255,1133036
2026-03-17 14:20:00,6880.0,6890.0,6872.0,6890.0,6100,1134092
2026-03-17 14:21:00,6890.0,6892.0,6878.0,6890.0,4450,1134832
2026-03-17 14:22:00,6884.0,6888.0,6872.0,6880.0,593,1135221
2026-03-17 14:23:00,6880.0,6886.0,6878.0,6886.0,2620,1135753
2026-03-17 14:24:00,6886.0,6888.0,6882.0,6884.0,1591,1136031
2026-03-17 14:25:00,6876.0,6886.0,6876.0,6882.0,702,1136082
2026-03-17 14:26:00,6882.0,6892.0,6882.0,6888.0,4605,1136242
2026-03-17 14:27:00,6888.0,6898.0,6888.0,6890.0,2903,1135228
2026-03-17 14:28:00,6892.0,6900.0,6884.0,6890.0,2892,1135842
2026-03-17 14:29:00,6888.0,6888.0,6878.0,6884.0,2594,1135696
2026-03-17 14:30:00,6882.0,6884.0,6878.0,6878.0,1481,1135686
2026-03-17 14:31:00,6874.0,6882.0,6866.0,6882.0,3492,1134982
2026-03-17 14:32:00,6882.0,6888.0,6868.0,6874.0,4720,1134400
2026-03-17 14:33:00,6872.0,6882.0,6870.0,6882.0,136,1133653
2026-03-17 14:34:00,6878.0,6902.0,6878.0,6902.0,2576,1133084
2026-03-17 14:35:00,6898.0,6902.0,6894.0,6894.0,1082,1133022
2026-03-17 14:36:00,6892.0,6892.0,6884.0,6890.0,1384,1133181
2026-03-17 14:37:00,6892.0,6894.0,6884.0,6890.0,950,1133258
2026-03-17 14:38:00,6888.0,6892.0,6886.0,6888.0,644,1133121
2026-03-17 14:39:00,6888.0,6892.0,6880.0,6888.0,2183,1132972
2026-03-17 14:40:00,6886.0,6890.0,6882.0,6884.0,1200,1132985
2026-03-17 14:41:00,6886.0,6902.0,6886.0,6902.0,2341,1133219
2026-03-17 14:42:00,6902.0,6922.0,6902.0,6918.0,4881,1132319
2026-03-17 14:43:00,6920.0,6922.0,6912.0,6914.0,2694,1132300
2026-03-17 14:44:00,6916.0,6922.0,6914.0,6914.0,366,1131896
2026-03-17 14:45:00,6914.0,6918.0,6902.0,6902.0,2042,1131468
2026-03-17 14:46:00,6902.0,6910.0,6900.0,6906.0,2137,1131256
2026-03-17 14:47:00,6908.0,6912.0,6900.0,6908.0,1474,1131037
2026-03-17 14:48:00,6906.0,6912.0,6892.0,6902.0,2483,1130716
2026-03-17 14:49:00,6900.0,6910.0,6898.0,6902.0,1598,1130417
2026-03-17 14:50:00,6902.0,6916.0,6902.0,6914.0,102,1130103
2026-03-17 14:51:00,6918.0,6920.0,6902.0,6906.0,560,1130090
2026-03-17 14:52:00,6910.0,6920.0,6910.0,6918.0,2122,1129877
2026-03-17 14:53:00,6918.0,6918.0,6908.0,6912.0,1368,1129593
2026-03-17 14:54:00,6914.0,6926.0,6910.0,6916.0,3337,1128622
2026-03-17 14:55:00,6918.0,6930.0,6916.0,6930.0,2912,1127694
2026-03-17 14:56:00,6930.0,6938.0,6928.0,6938.0,3021,1127562
2026-03-17 14:57:00,6940.0,6944.0,6920.0,6926.0,130,1126634
2026-03-17 14:58:00,6928.0,6938.0,6924.0,6934.0,2698,1125786
2026-03-17 14:59:00,6936.0,6938.0,6924.0,6928.0,3759,1125881
2026-03-17 15:00:00,6930.0,6930.0,6916.0,6918.0,4031,1124717
2026-03-17 21:01:00,6862.0,6862.0,6784.0,6844.0,37359,1125639
2026-03-17 21:02:00,6840.0,6888.0,6840.0,6882.0,12304,1126686
2026-03-17 21:03:00,6886.0,6908.0,6886.0,6892.0,11845,1127333
2026-03-17 21:04:00,6894.0,6898.0,6886.0,6886.0,6679,1127299
2026-03-17 21:05:00,6886.0,6906.0,6886.0,6904.0,6911,1127357
2026-03-17 21:06:00,6902.0,6918.0,6900.0,6906.0,8355,1127528
2026-03-17 21:07:00,6906.0,6906.0,6888.0,6888.0,6481,1127599
2026-03-17 21:08:00,6890.0,6890.0,6868.0,6872.0,6459,1127073
2026-03-17 21:09:00,6870.0,6870.0,6856.0,6870.0,7105,1127312
2026-03-17 21:10:00,6874.0,6876.0,6864.0,6876.0,3688,1127205
2026-03-17 21:11:00,6876.0,6880.0,6872.0,6880.0,5548,1127744
2026-03-17 21:12:00,6878.0,6878.0,6860.0,6870.0,6874,1129490
2026-03-17 21:13:00,6866.0,6906.0,6866.0,6904.0,5824,1129010
2026-03-17 21:14:00,6910.0,6910.0,6896.0,6904.0,8078,1128864
2026-03-17 21:15:00,6902.0,6906.0,6890.0,6894.0,5468,1128665
2026-03-17 21:16:00,6896.0,6898.0,6878.0,6884.0,5740,1128016
2026-03-17 21:17:00,6884.0,6900.0,6882.0,6890.0,4609,1128093
2026-03-17 21:18:00,6892.0,6892.0,6868.0,6888.0,6529,1127943
2026-03-17 21:19:00,6890.0,6892.0,6872.0,6876.0,6288,1128432
2026-03-17 21:20:00,6874.0,6878.0,6864.0,6876.0,5417,1129438
2026-03-17 21:21:00,6880.0,6882.0,6870.0,6880.0,3278,1129608
2026-03-17 21:22:00,6880.0,6886.0,6876.0,6880.0,1592,1129497
2026-03-17 21:23:00,6876.0,6898.0,6876.0,6898.0,3088,1129201
2026-03-17 21:24:00,6902.0,6918.0,6900.0,6906.0,8512,1127512
2026-03-17 21:25:00,6908.0,6922.0,6904.0,6914.0,5453,1127991
2026-03-17 21:26:00,6916.0,6918.0,6906.0,6906.0,5011,1128111
2026-03-17 21:27:00,6902.0,6904.0,6894.0,6904.0,4814,1127410
2026-03-17 21:28:00,6904.0,6906.0,6896.0,6904.0,3065,1127427
2026-03-17 21:29:00,6904.0,6906.0,6890.0,6890.0,2965,1127132
2026-03-17 21:30:00,6890.0,6890.0,6882.0,6888.0,3941,1127185
2026-03-17 21:31:00,6886.0,6888.0,6868.0,6876.0,6110,1126819
2026-03-17 21:32:00,6876.0,6896.0,6876.0,6896.0,4093,1126855
2026-03-17 21:33:00,6898.0,6904.0,6894.0,6896.0,4576,1127996
2026-03-17 21:34:00,6898.0,6904.0,6888.0,6900.0,2186,1128417
2026-03-17 21:35:00,6900.0,6908.0,6890.0,6890.0,4871,1128962
2026-03-17 21:36:00,6894.0,6896.0,6874.0,6894.0,4091,1128581
2026-03-17 21:37:00,6894.0,6896.0,6886.0,6888.0,2111,1128433
2026-03-17 21:38:00,6884.0,6892.0,6878.0,6888.0,1660,1128402
2026-03-17 21:39:00,6888.0,6904.0,6882.0,6900.0,2512,1128095
2026-03-17 21:40:00,6900.0,6900.0,6894.0,6894.0,1958,1127982
2026-03-17 21:41:00,6896.0,6896.0,6876.0,6878.0,3470,1128188
2026-03-17 21:42:00,6878.0,6884.0,6872.0,6882.0,4124,1128123
2026-03-17 21:43:00,6882.0,6898.0,6882.0,6896.0,3667,1128218
2026-03-17 21:44:00,6898.0,6904.0,6894.0,6894.0,4545,1128038
2026-03-17 21:45:00,6894.0,6898.0,6888.0,6890.0,1625,1128274
2026-03-17 21:46:00,6888.0,6890.0,6876.0,6876.0,3093,1128775
2026-03-17 21:47:00,6876.0,6884.0,6870.0,6884.0,6404,1128717
2026-03-17 21:48:00,6884.0,6886.0,6878.0,6880.0,2275,1128856
2026-03-17 21:49:00,6880.0,6898.0,6880.0,6898.0,1947,1128370
2026-03-17 21:50:00,6902.0,6920.0,6900.0,6918.0,11527,1127575
2026-03-17 21:51:00,6918.0,6924.0,6914.0,6924.0,6922,1128128
2026-03-17 21:52:00,6926.0,6954.0,6926.0,6952.0,12924,1128254
2026-03-17 21:53:00,6952.0,6952.0,6940.0,6944.0,6049,1128629
2026-03-17 21:54:00,6942.0,6956.0,6942.0,6950.0,6464,1129349
2026-03-17 21:55:00,6950.0,6958.0,6948.0,6954.0,6093,1129875
2026-03-17 21:56:00,6954.0,6964.0,6950.0,6962.0,6789,1130223
2026-03-17 21:57:00,6962.0,6964.0,6942.0,6942.0,7044,1130461
2026-03-17 21:58:00,6942.0,6942.0,6922.0,6924.0,7984,1128887
2026-03-17 21:59:00,6922.0,6936.0,6920.0,6928.0,7511,1129072
2026-03-17 22:00:00,6924.0,6944.0,6920.0,6944.0,4359,1128961
2026-03-17 22:01:00,6944.0,6948.0,6932.0,6936.0,6017,1128996
2026-03-17 22:02:00,6934.0,6952.0,6930.0,6950.0,4201,1129194
2026-03-17 22:03:00,6948.0,6954.0,6934.0,6940.0,3514,1129119
2026-03-17 22:04:00,6940.0,6942.0,6924.0,6926.0,3481,1128688
2026-03-17 22:05:00,6928.0,6928.0,6916.0,6920.0,5289,1128319
2026-03-17 22:06:00,6922.0,6930.0,6916.0,6928.0,4377,1129182
2026-03-17 22:07:00,6928.0,6930.0,6918.0,6920.0,3414,1129596
2026-03-17 22:08:00,6920.0,6928.0,6918.0,6928.0,1946,1129366
2026-03-17 22:09:00,6928.0,6932.0,6922.0,6928.0,2659,1129491
2026-03-17 22:10:00,6928.0,6928.0,6914.0,6920.0,2881,1129415
2026-03-17 22:11:00,6918.0,6930.0,6916.0,6928.0,2111,1129312
2026-03-17 22:12:00,6928.0,6954.0,6926.0,6954.0,6554,1128981
2026-03-17 22:13:00,6954.0,6968.0,6954.0,6966.0,9623,1127828
2026-03-17 22:14:00,6960.0,6962.0,6948.0,6956.0,4604,1126976
2026-03-17 22:15:00,6954.0,6964.0,6950.0,6964.0,2747,1127716
2026-03-17 22:16:00,6964.0,6976.0,6960.0,6970.0,6197,1128197
2026-03-17 22:17:00,6970.0,6990.0,6964.0,6986.0,8016,1129682
2026-03-17 22:18:00,6986.0,6994.0,6982.0,6988.0,5261,1129607
2026-03-17 22:19:00,6988.0,6994.0,6984.0,6988.0,4558,1130202
2026-03-17 22:20:00,6986.0,6990.0,6976.0,6978.0,4868,1130168
2026-03-17 22:21:00,6976.0,7008.0,6976.0,7008.0,9008,1130917
2026-03-17 22:22:00,7006.0,7020.0,7006.0,7008.0,8012,1131904
2026-03-17 22:23:00,7008.0,7022.0,7008.0,7018.0,6244,1132248
2026-03-17 22:24:00,7016.0,7044.0,7016.0,7034.0,10184,1134350
2026-03-17 22:25:00,7036.0,7042.0,7024.0,7024.0,7243,1134734
2026-03-17 22:26:00,7026.0,7030.0,7010.0,7028.0,6211,1133903
2026-03-17 22:27:00,7028.0,7028.0,7014.0,7018.0,2965,1134179
2026-03-17 22:28:00,7018.0,7024.0,7014.0,7014.0,2287,1134022
2026-03-17 22:29:00,7014.0,7020.0,7004.0,7006.0,5767,1134377
2026-03-17 22:30:00,7004.0,7014.0,6994.0,7010.0,5277,1133922
2026-03-17 22:31:00,7008.0,7008.0,6996.0,7008.0,5706,1134554
2026-03-17 22:32:00,7010.0,7016.0,7000.0,7002.0,4671,1134032
2026-03-17 22:33:00,7000.0,7006.0,6992.0,7002.0,3664,1134186
2026-03-17 22:34:00,7002.0,7012.0,6996.0,7002.0,3277,1134249
2026-03-17 22:35:00,7002.0,7012.0,7000.0,7004.0,2194,1134378
2026-03-17 22:36:00,7002.0,7006.0,6976.0,6986.0,5940,1133531
2026-03-17 22:37:00,6988.0,6988.0,6966.0,6970.0,9057,1133277
2026-03-17 22:38:00,6968.0,6974.0,6964.0,6974.0,5457,1133524
2026-03-17 22:39:00,6976.0,6980.0,6970.0,6972.0,3513,1133386
2026-03-17 22:40:00,6972.0,6972.0,6962.0,6964.0,6596,1134723
2026-03-17 22:41:00,6964.0,6974.0,6960.0,6960.0,5461,1134543
2026-03-17 22:42:00,6960.0,6960.0,6940.0,6952.0,8272,1133872
2026-03-17 22:43:00,6950.0,6956.0,6942.0,6948.0,5317,1134821
2026-03-17 22:44:00,6948.0,6948.0,6932.0,6938.0,5534,1134171
2026-03-17 22:45:00,6936.0,6952.0,6926.0,6950.0,5328,1133405
2026-03-17 22:46:00,6950.0,6950.0,6928.0,6936.0,5547,1134186
2026-03-17 22:47:00,6934.0,6936.0,6930.0,6934.0,2481,1134243
2026-03-17 22:48:00,6934.0,6950.0,6934.0,6950.0,3903,1132981
2026-03-17 22:49:00,6948.0,6962.0,6948.0,6960.0,5890,1132438
2026-03-17 22:50:00,6960.0,6960.0,6946.0,6952.0,2218,1132346
2026-03-17 22:51:00,6948.0,6962.0,6944.0,6946.0,4671,1132418
2026-03-17 22:52:00,6948.0,6958.0,6946.0,6952.0,1569,1132499
2026-03-17 22:53:00,6952.0,6956.0,6942.0,6954.0,1790,1132263
2026-03-17 22:54:00,6952.0,6954.0,6946.0,6946.0,1193,1131964
2026-03-17 22:55:00,6944.0,6944.0,6936.0,6938.0,3812,1130868
2026-03-17 22:56:00,6936.0,6946.0,6936.0,6936.0,2755,1130018
2026-03-17 22:57:00,6936.0,6944.0,6936.0,6942.0,968,1129841
2026-03-17 22:58:00,6942.0,6946.0,6940.0,6944.0,1702,1129790
2026-03-17 22:59:00,6942.0,6942.0,6934.0,6940.0,3560,1128634
2026-03-17 23:00:00,6938.0,6942.0,6928.0,6930.0,4737,1126743
2026-03-18 09:01:00,6914.0,6936.0,6908.0,6934.0,17096,1127359
2026-03-18 09:02:00,6940.0,6970.0,6940.0,6954.0,9321,1127992
2026-03-18 09:03:00,6956.0,6958.0,6942.0,6946.0,6110,1128616
2026-03-18 09:04:00,6950.0,6952.0,6934.0,6940.0,5473,1129658
2026-03-18 09:05:00,6942.0,6952.0,6926.0,6950.0,6860,1131213
2026-03-18 09:06:00,6952.0,6958.0,6940.0,6958.0,5982,1133816
2026-03-18 09:07:00,6960.0,6968.0,6940.0,6940.0,5038,1134610
2026-03-18 09:08:00,6942.0,6946.0,6938.0,6946.0,2995,1134815
2026-03-18 09:09:00,6944.0,6960.0,6942.0,6958.0,4059,1135847
2026-03-18 09:10:00,6958.0,6960.0,6948.0,6950.0,4082,1135829
2026-03-18 09:11:00,6950.0,6976.0,6950.0,6976.0,7035,1136989
2026-03-18 09:12:00,6976.0,6992.0,6974.0,6992.0,8292,1137840
2026-03-18 09:13:00,6996.0,7046.0,6994.0,7038.0,26736,1141435
2026-03-18 09:14:00,7036.0,7050.0,7030.0,7030.0,14395,1146043
2026-03-18 09:15:00,7034.0,7038.0,7022.0,7026.0,11020,1146314
2026-03-18 09:16:00,7020.0,7028.0,7016.0,7028.0,10151,1146929
2026-03-18 09:17:00,7030.0,7046.0,7024.0,7028.0,11740,1148041
2026-03-18 09:18:00,7026.0,7026.0,6998.0,7006.0,9130,1148587
2026-03-18 09:19:00,7006.0,7028.0,7006.0,7014.0,5455,1149441
2026-03-18 09:20:00,7016.0,7038.0,7016.0,7032.0,4832,1150105
2026-03-18 09:21:00,7034.0,7046.0,7026.0,7046.0,6480,1150270
2026-03-18 09:22:00,7046.0,7048.0,7038.0,7048.0,5561,1150083
2026-03-18 09:23:00,7050.0,7052.0,7024.0,7030.0,8728,1150016
2026-03-18 09:24:00,7032.0,7046.0,7032.0,7046.0,5708,1151850
2026-03-18 09:25:00,7044.0,7050.0,7028.0,7034.0,5734,1151833
2026-03-18 09:26:00,7034.0,7036.0,6996.0,7004.0,11719,1150250
2026-03-18 09:27:00,7004.0,7016.0,6998.0,7014.0,6555,1150825
2026-03-18 09:28:00,7018.0,7030.0,7014.0,7030.0,5001,1151487
2026-03-18 09:29:00,7032.0,7044.0,7030.0,7042.0,5846,1152816
2026-03-18 09:30:00,7042.0,7050.0,7036.0,7040.0,5528,1154160
2026-03-18 09:31:00,7044.0,7046.0,7030.0,7034.0,4335,1154417
2026-03-18 09:32:00,7034.0,7044.0,7030.0,7034.0,5040,1154682
2026-03-18 09:33:00,7032.0,7036.0,7024.0,7032.0,4226,1154738
2026-03-18 09:34:00,7032.0,7032.0,7014.0,7020.0,4396,1154536
2026-03-18 09:35:00,7022.0,7026.0,7014.0,7020.0,3038,1155190
2026-03-18 09:36:00,7020.0,7020.0,7000.0,7004.0,6008,1154780
2026-03-18 09:37:00,7004.0,7010.0,7000.0,7008.0,4396,1155552
2026-03-18 09:38:00,7006.0,7028.0,7006.0,7028.0,3299,1155545
2026-03-18 09:39:00,7030.0,7042.0,7030.0,7030.0,3933,1155443
2026-03-18 09:40:00,7030.0,7032.0,7014.0,7016.0,2414,1155920
2026-03-18 09:41:00,7012.0,7012.0,6988.0,7008.0,6170,1155378
2026-03-18 09:42:00,7018.0,7054.0,7006.0,7046.0,10266,1155638
2026-03-18 09:43:00,7048.0,7054.0,7040.0,7044.0,7097,1155831
2026-03-18 09:44:00,7044.0,7044.0,7036.0,7038.0,2158,1156372
2026-03-18 09:45:00,7038.0,7050.0,7032.0,7048.0,2732,1156135
2026-03-18 09:46:00,7048.0,7052.0,7030.0,7034.0,3503,1156395
2026-03-18 09:47:00,7032.0,7032.0,7014.0,7014.0,5333,1156688
2026-03-18 09:48:00,7014.0,7014.0,6996.0,7012.0,316,1155619
2026-03-18 09:49:00,7012.0,7020.0,7004.0,7006.0,2371,1155990
2026-03-18 09:50:00,7002.0,7008.0,6990.0,7006.0,5345,1155465
2026-03-18 09:51:00,7008.0,7018.0,6996.0,7016.0,2901,1155858
2026-03-18 09:52:00,7014.0,7016.0,6996.0,6998.0,4729,1155361
2026-03-18 09:53:00,6998.0,7004.0,6996.0,7000.0,2914,1155349
2026-03-18 09:54:00,6998.0,7000.0,6978.0,6984.0,7027,1154939
2026-03-18 09:55:00,6984.0,6996.0,6984.0,6992.0,5927,1154732
2026-03-18 09:56:00,6992.0,6996.0,6970.0,6972.0,5182,1154497
2026-03-18 09:57:00,6968.0,6978.0,6960.0,6978.0,6088,1154294
2026-03-18 09:58:00,6978.0,6986.0,6972.0,6982.0,2557,1154296
2026-03-18 09:59:00,6982.0,6990.0,6978.0,6984.0,1616,1154556
2026-03-18 10:00:00,6992.0,7008.0,6982.0,7006.0,4338,1154870
2026-03-18 10:01:00,6998.0,7008.0,6990.0,6990.0,4123,1155167
2026-03-18 10:02:00,6986.0,7000.0,6982.0,7000.0,2321,1155403
2026-03-18 10:03:00,7000.0,7022.0,7000.0,7020.0,4344,1155829
2026-03-18 10:04:00,7038.0,7056.0,7020.0,7050.0,14962,1155974
2026-03-18 10:05:00,7050.0,7060.0,7040.0,7040.0,7948,1156109
2026-03-18 10:06:00,7038.0,7046.0,7036.0,7036.0,3390,1156188
2026-03-18 10:07:00,7036.0,7038.0,7028.0,7028.0,3084,1155837
2026-03-18 10:08:00,7026.0,7028.0,6964.0,6978.0,14006,1153175
2026-03-18 10:09:00,6978.0,6984.0,6964.0,6982.0,8202,1152078
2026-03-18 10:10:00,6982.0,7000.0,6982.0,6994.0,3512,1152074
2026-03-18 10:11:00,6976.0,7000.0,6970.0,6970.0,3914,1151597
2026-03-18 10:12:00,6974.0,6978.0,6960.0,6976.0,4930,1151322
2026-03-18 10:13:00,6978.0,6980.0,6968.0,6974.0,2965,1151572
2026-03-18 10:14:00,6976.0,6978.0,6962.0,6962.0,2567,1151680
2026-03-18 10:15:00,6944.0,6960.0,6922.0,6922.0,11516,1147999
2026-03-18 10:31:00,6932.0,6946.0,6922.0,6936.0,10013,1146693
2026-03-18 10:32:00,6936.0,6942.0,6930.0,6942.0,4864,1146782
2026-03-18 10:33:00,6938.0,6938.0,6918.0,6932.0,4491,1146861
2026-03-18 10:34:00,6938.0,6940.0,6930.0,6930.0,2414,1147022
2026-03-18 10:35:00,6928.0,6932.0,6920.0,6930.0,3312,1147190
2026-03-18 10:36:00,6930.0,6932.0,6920.0,6924.0,2841,1147143
2026-03-18 10:37:00,6922.0,6930.0,6902.0,6902.0,5951,1147028
2026-03-18 10:38:00,6904.0,6904.0,6878.0,6896.0,15378,1145889
2026-03-18 10:39:00,6896.0,6906.0,6896.0,6902.0,4451,1144955
2026-03-18 10:40:00,6900.0,6918.0,6900.0,6910.0,2526,1144652
2026-03-18 10:41:00,6912.0,6916.0,6898.0,6900.0,2154,1144515
2026-03-18 10:42:00,6898.0,6898.0,6866.0,6866.0,6260,1144986
2026-03-18 10:43:00,6864.0,6884.0,6862.0,6880.0,6155,1144340
2026-03-18 10:44:00,6878.0,6880.0,6870.0,6876.0,2939,1144578
2026-03-18 10:45:00,6878.0,6880.0,6862.0,6868.0,5737,1144702
2026-03-18 10:46:00,6864.0,6884.0,6860.0,6880.0,6178,1144235
2026-03-18 10:47:00,6882.0,6886.0,6876.0,6882.0,2738,1144260
2026-03-18 10:48:00,6886.0,6888.0,6854.0,6856.0,5762,1144508
2026-03-18 10:49:00,6858.0,6862.0,6852.0,6862.0,3860,1144098
2026-03-18 10:50:00,6852.0,6866.0,6850.0,6856.0,5677,1144115
2026-03-18 10:51:00,6866.0,6870.0,6854.0,6864.0,3661,1143453
2026-03-18 10:52:00,6858.0,6882.0,6848.0,6848.0,7120,1143674
2026-03-18 10:53:00,6848.0,6852.0,6838.0,6842.0,7372,1143543
2026-03-18 10:54:00,6838.0,6850.0,6832.0,6850.0,5427,1143289
2026-03-18 10:55:00,6850.0,6858.0,6844.0,6856.0,4348,1143035
2026-03-18 10:56:00,6856.0,6860.0,6848.0,6856.0,2819,1142482
2026-03-18 10:57:00,6856.0,6856.0,6836.0,6852.0,4006,1142355
2026-03-18 10:58:00,6854.0,6868.0,6848.0,6856.0,4953,1142495
2026-03-18 10:59:00,6854.0,6864.0,6844.0,6860.0,2763,1142607
2026-03-18 11:00:00,6858.0,6870.0,6854.0,6866.0,3622,1143506
2026-03-18 11:01:00,6866.0,6870.0,6858.0,6868.0,2581,1143469
2026-03-18 11:02:00,6870.0,6870.0,6854.0,6860.0,2261,1143658
2026-03-18 11:03:00,6860.0,6862.0,6842.0,6846.0,2139,1143918
2026-03-18 11:04:00,6844.0,6844.0,6810.0,6816.0,9776,1143537
2026-03-18 11:05:00,6812.0,6820.0,6806.0,6806.0,6747,1143255
2026-03-18 11:06:00,6806.0,6820.0,6806.0,6814.0,4489,1143084
2026-03-18 11:07:00,6814.0,6824.0,6810.0,6822.0,3674,1142344
2026-03-18 11:08:00,6820.0,6840.0,6820.0,6836.0,4243,1141157
2026-03-18 11:09:00,6842.0,6846.0,6834.0,6846.0,3752,1141554
2026-03-18 11:10:00,6838.0,6850.0,6834.0,6834.0,4296,1141869
2026-03-18 11:11:00,6830.0,6840.0,6830.0,6832.0,2392,1141869
2026-03-18 11:12:00,6830.0,6836.0,6826.0,6836.0,2028,1142028
2026-03-18 11:13:00,6836.0,6860.0,6836.0,6854.0,4886,1141730
2026-03-18 11:14:00,6852.0,6852.0,6836.0,6838.0,1761,1141674
2026-03-18 11:15:00,6836.0,6842.0,6832.0,6842.0,1917,1142015
2026-03-18 11:16:00,6840.0,6850.0,6840.0,6848.0,1934,1142350
2026-03-18 11:17:00,6848.0,6848.0,6832.0,6846.0,3234,1141943
2026-03-18 11:18:00,6846.0,6846.0,6830.0,6838.0,2678,1142275
2026-03-18 11:19:00,6836.0,6840.0,6830.0,6836.0,1709,1142415
2026-03-18 11:20:00,6834.0,6856.0,6834.0,6854.0,2641,1142126
2026-03-18 11:21:00,6840.0,6856.0,6830.0,6830.0,2284,1142012
2026-03-18 11:22:00,6820.0,6830.0,6792.0,6796.0,8937,1141121
2026-03-18 11:23:00,6798.0,6798.0,6750.0,6754.0,15628,1140973
2026-03-18 11:24:00,6754.0,6774.0,6752.0,6752.0,8625,1140571
2026-03-18 11:25:00,6754.0,6776.0,6748.0,6768.0,6588,1139777
2026-03-18 11:26:00,6768.0,6774.0,6758.0,6770.0,6153,1139756
2026-03-18 11:27:00,6770.0,6776.0,6764.0,6764.0,3392,1139839
2026-03-18 11:28:00,6766.0,6786.0,6766.0,6786.0,3764,1139155
2026-03-18 11:29:00,6784.0,6794.0,6782.0,6792.0,3963,1138942
2026-03-18 11:30:00,6794.0,6798.0,6778.0,6780.0,4138,1138289
2026-03-18 13:31:00,6740.0,6782.0,6722.0,6732.0,24293,1137230
2026-03-18 13:32:00,6732.0,6748.0,6730.0,6732.0,7020,1137229
2026-03-18 13:33:00,6732.0,6758.0,6728.0,6758.0,5840,1137554
2026-03-18 13:34:00,6760.0,6762.0,6742.0,6754.0,6765,1138068
2026-03-18 13:35:00,6754.0,6764.0,6750.0,6752.0,4279,1138050
2026-03-18 13:36:00,6754.0,6764.0,6734.0,6738.0,4488,1138622
2026-03-18 13:37:00,6740.0,6742.0,6720.0,6736.0,7381,1137712
2026-03-18 13:38:00,6734.0,6744.0,6714.0,6722.0,8287,1138306
2026-03-18 13:39:00,6722.0,6740.0,6722.0,6734.0,3173,1138172
2026-03-18 13:40:00,6734.0,6734.0,6722.0,6728.0,3135,1138133
2026-03-18 13:41:00,6728.0,6748.0,6726.0,6740.0,3829,1138434
2026-03-18 13:42:00,6740.0,6740.0,6730.0,6734.0,2581,1138541
2026-03-18 13:43:00,6732.0,6742.0,6724.0,6738.0,3557,1139286
2026-03-18 13:44:00,6736.0,6740.0,6734.0,6738.0,1861,1139320
2026-03-18 13:45:00,6736.0,6746.0,6730.0,6734.0,4025,1138986
2026-03-18 13:46:00,6736.0,6742.0,6732.0,6734.0,2727,1139560
2026-03-18 13:47:00,6734.0,6746.0,6732.0,6738.0,3749,1139981
2026-03-18 13:48:00,6736.0,6736.0,6716.0,6732.0,5817,1140944
2026-03-18 13:49:00,6730.0,6740.0,6726.0,6738.0,2999,1140919
2026-03-18 13:50:00,6738.0,6744.0,6736.0,6740.0,2915,1141161
2026-03-18 13:51:00,6740.0,6740.0,6724.0,6726.0,3795,1141473
2026-03-18 13:52:00,6726.0,6730.0,6716.0,6716.0,3621,1141858
2026-03-18 13:53:00,6714.0,6724.0,6712.0,6722.0,3591,1141195
2026-03-18 13:54:00,6720.0,6738.0,6720.0,6734.0,3106,1140722
2026-03-18 13:55:00,6734.0,6736.0,6724.0,6726.0,1764,1140598
2026-03-18 13:56:00,6730.0,6730.0,6714.0,6716.0,3162,1140243
2026-03-18 13:57:00,6718.0,6726.0,6714.0,6724.0,3838,1141330
2026-03-18 13:58:00,6722.0,6730.0,6722.0,6730.0,1674,1140788
2026-03-18 13:59:00,6744.0,6748.0,6730.0,6748.0,4376,1139837
2026-03-18 14:00:00,6736.0,6758.0,6730.0,6736.0,6196,1140190
2026-03-18 14:01:00,6734.0,6776.0,6734.0,6770.0,6203,1139488
2026-03-18 14:02:00,6772.0,6776.0,6760.0,6764.0,3864,1139407
2026-03-18 14:03:00,6762.0,6776.0,6762.0,6772.0,3054,1139256
2026-03-18 14:04:00,6774.0,6784.0,6770.0,6770.0,4516,1139229
2026-03-18 14:05:00,6770.0,6792.0,6770.0,6784.0,5205,1139673
2026-03-18 14:06:00,6786.0,6794.0,6774.0,6782.0,4153,1139895
2026-03-18 14:07:00,6786.0,6786.0,6776.0,6780.0,2011,1140087
2026-03-18 14:08:00,6784.0,6788.0,6772.0,6772.0,4085,1139655
2026-03-18 14:09:00,6772.0,6778.0,6768.0,6770.0,2368,1139247
2026-03-18 14:10:00,6770.0,6774.0,6742.0,6746.0,5568,1138324
2026-03-18 14:11:00,6748.0,6764.0,6740.0,6740.0,5936,1138030
2026-03-18 14:12:00,6738.0,6738.0,6726.0,6732.0,6420,1137909
2026-03-18 14:13:00,6728.0,6736.0,6726.0,6730.0,1960,1137853
2026-03-18 14:14:00,6726.0,6732.0,6722.0,6726.0,2924,1137964
2026-03-18 14:15:00,6726.0,6726.0,6714.0,6720.0,4498,1138227
2026-03-18 14:16:00,6718.0,6730.0,6718.0,6726.0,3360,1137836
2026-03-18 14:17:00,6726.0,6730.0,6716.0,6720.0,3776,1138220
2026-03-18 14:18:00,6716.0,6720.0,6696.0,6700.0,12032,1141252
2026-03-18 14:19:00,6700.0,6700.0,6684.0,6688.0,9090,1141479
2026-03-18 14:20:00,6688.0,6704.0,6688.0,6700.0,7444,1143607
2026-03-18 14:21:00,6700.0,6702.0,6684.0,6690.0,7133,1145461
2026-03-18 14:22:00,6692.0,6698.0,6682.0,6682.0,5132,1144897
2026-03-18 14:23:00,6684.0,6688.0,6680.0,6684.0,4334,1145512
2026-03-18 14:24:00,6686.0,6700.0,6686.0,6686.0,4013,1146001
2026-03-18 14:25:00,6688.0,6698.0,6682.0,6684.0,4936,1146725
2026-03-18 14:26:00,6682.0,6700.0,6680.0,6696.0,4691,1146802
2026-03-18 14:27:00,6696.0,6712.0,6694.0,6710.0,5611,1146127
2026-03-18 14:28:00,6710.0,6716.0,6704.0,6716.0,3585,1145883
2026-03-18 14:29:00,6712.0,6714.0,6698.0,6710.0,4878,1146290
2026-03-18 14:30:00,6710.0,6718.0,6710.0,6710.0,2495,1146215
2026-03-18 14:31:00,6710.0,6710.0,6694.0,6702.0,4550,1146577
2026-03-18 14:32:00,6702.0,6706.0,6698.0,6704.0,2805,1146490
2026-03-18 14:33:00,6706.0,6722.0,6706.0,6712.0,2531,1146140
2026-03-18 14:34:00,6712.0,6726.0,6712.0,6724.0,4490,1145635
2026-03-18 14:35:00,6722.0,6732.0,6720.0,6730.0,5580,1144679
2026-03-18 14:36:00,6728.0,6732.0,6722.0,6728.0,4532,1144391
2026-03-18 14:37:00,6728.0,6730.0,6722.0,6722.0,1802,1144173
2026-03-18 14:38:00,6724.0,6724.0,6712.0,6716.0,2433,1144287
2026-03-18 14:39:00,6716.0,6744.0,6712.0,6744.0,3128,1143194
2026-03-18 14:40:00,6744.0,6744.0,6734.0,6742.0,2770,1143462
2026-03-18 14:41:00,6744.0,6750.0,6740.0,6748.0,3023,1143060
2026-03-18 14:42:00,6748.0,6750.0,6740.0,6744.0,2062,1142931
2026-03-18 14:43:00,6742.0,6748.0,6736.0,6742.0,1802,1142323
2026-03-18 14:44:00,6742.0,6746.0,6724.0,6742.0,3353,1141747
2026-03-18 14:45:00,6742.0,6750.0,6742.0,6746.0,2159,1141244
2026-03-18 14:46:00,6752.0,6756.0,6746.0,6746.0,2301,1140838
2026-03-18 14:47:00,6748.0,6758.0,6744.0,6756.0,1931,1140689
2026-03-18 14:48:00,6758.0,6758.0,6746.0,6758.0,1870,1140629
2026-03-18 14:49:00,6758.0,6760.0,6754.0,6756.0,1633,1140505
2026-03-18 14:50:00,6754.0,6758.0,6752.0,6756.0,1658,1140217
2026-03-18 14:51:00,6758.0,6780.0,6758.0,6780.0,1823,1138030
2026-03-18 14:52:00,6782.0,6794.0,6780.0,6784.0,7792,1139250
2026-03-18 14:53:00,6784.0,6788.0,6776.0,6788.0,3136,1138859
2026-03-18 14:54:00,6786.0,6792.0,6780.0,6782.0,2020,1138517
2026-03-18 14:55:00,6780.0,6784.0,6776.0,6782.0,2936,1138476
2026-03-18 14:56:00,6784.0,6808.0,6780.0,6800.0,6684,1135978
2026-03-18 14:57:00,6798.0,6802.0,6792.0,6796.0,4416,1136144
2026-03-18 14:58:00,6798.0,6798.0,6786.0,6788.0,2509,1135593
2026-03-18 14:59:00,6786.0,6796.0,6786.0,6794.0,2652,1135126
2026-03-18 15:00:00,6796.0,6800.0,6790.0,6790.0,4013,1132893
2026-03-18 21:01:00,7070.0,7124.0,7068.0,7100.0,72812,1128198
2026-03-18 21:02:00,7102.0,7126.0,7078.0,7092.0,29499,1125575
2026-03-18 21:03:00,7090.0,7094.0,7012.0,7042.0,33172,1125775
2026-03-18 21:04:00,7038.0,7040.0,7002.0,7004.0,19964,1126239
2026-03-18 21:05:00,7002.0,7004.0,6988.0,6996.0,18708,1126298
2026-03-18 21:06:00,6996.0,7000.0,6974.0,6988.0,20841,1127231
2026-03-18 21:07:00,6988.0,6992.0,6968.0,6980.0,13898,1126772
2026-03-18 21:08:00,6980.0,6984.0,6970.0,6974.0,9676,1127047
2026-03-18 21:09:00,6976.0,6994.0,6972.0,6992.0,10428,1126954
2026-03-18 21:10:00,6996.0,7012.0,6984.0,7004.0,13299,1127582
2026-03-18 21:11:00,7010.0,7014.0,6996.0,7008.0,10640,1128858
2026-03-18 21:12:00,7012.0,7026.0,7006.0,7026.0,12619,1129058
2026-03-18 21:13:00,7028.0,7030.0,6998.0,7000.0,9219,1129892
2026-03-18 21:14:00,7002.0,7004.0,6988.0,6990.0,11211,1128733
2026-03-18 21:15:00,6990.0,6990.0,6954.0,6958.0,16184,1129236
2026-03-18 21:16:00,6960.0,6996.0,6960.0,6992.0,7761,1128666
2026-03-18 21:17:00,6994.0,7004.0,6990.0,7000.0,6195,1127920
2026-03-18 21:18:00,6998.0,7004.0,6984.0,6984.0,5734,1128095
2026-03-18 21:19:00,6984.0,6984.0,6966.0,6966.0,5811,1128069
2026-03-18 21:20:00,6962.0,6968.0,6958.0,6966.0,5383,1128603
2026-03-18 21:21:00,6964.0,6966.0,6944.0,6964.0,11619,1128035
2026-03-18 21:22:00,6962.0,6968.0,6950.0,6966.0,7701,1127446
2026-03-18 21:23:00,6966.0,6988.0,6964.0,6970.0,8660,1127495
2026-03-18 21:24:00,6964.0,6978.0,6962.0,6978.0,3827,1127789
2026-03-18 21:25:00,6978.0,6980.0,6954.0,6956.0,4861,1127813
2026-03-18 21:26:00,6954.0,6960.0,6950.0,6954.0,5847,1128180
2026-03-18 21:27:00,6956.0,6956.0,6948.0,6950.0,7816,1126238
2026-03-18 21:28:00,6950.0,6964.0,6950.0,6954.0,4909,1126606
2026-03-18 21:29:00,6954.0,6964.0,6954.0,6964.0,2832,1126379
2026-03-18 21:30:00,6958.0,6988.0,6954.0,6988.0,5409,1126015
2026-03-18 21:31:00,6988.0,6994.0,6982.0,6994.0,6618,1126088
2026-03-18 21:32:00,6990.0,6990.0,6976.0,6988.0,4431,1125928
2026-03-18 21:33:00,6990.0,6998.0,6986.0,6992.0,4125,1126756
2026-03-18 21:34:00,6992.0,6992.0,6982.0,6986.0,2737,1127058
2026-03-18 21:35:00,6986.0,6990.0,6972.0,6972.0,3662,1126321
2026-03-18 21:36:00,6970.0,6982.0,6966.0,6982.0,4635,1126341
2026-03-18 21:37:00,6980.0,6988.0,6976.0,6988.0,2541,1125942
2026-03-18 21:38:00,6988.0,6992.0,6978.0,6990.0,2725,1125724
2026-03-18 21:39:00,6992.0,6996.0,6980.0,6992.0,7369,1127302
2026-03-18 21:40:00,6990.0,7024.0,6990.0,7020.0,11967,1128405
2026-03-18 21:41:00,7022.0,7024.0,6982.0,6986.0,7862,1127617
2026-03-18 21:42:00,6982.0,7002.0,6980.0,6992.0,5073,1128240
2026-03-18 21:43:00,6992.0,6996.0,6986.0,6990.0,6361,1129183
2026-03-18 21:44:00,6984.0,7018.0,6982.0,7010.0,4730,1129459
2026-03-18 21:45:00,7010.0,7032.0,7010.0,7028.0,8568,1130041
2026-03-18 21:46:00,7028.0,7030.0,7008.0,7008.0,7358,1129546
2026-03-18 21:47:00,7010.0,7016.0,7000.0,7004.0,4374,1129333
2026-03-18 21:48:00,7008.0,7008.0,6990.0,6992.0,5866,1127802
2026-03-18 21:49:00,6994.0,7004.0,6988.0,7004.0,3155,1127741
2026-03-18 21:50:00,7008.0,7014.0,7000.0,7012.0,3563,1127849
2026-03-18 21:51:00,7004.0,7014.0,7004.0,7012.0,4544,1128705
2026-03-18 21:52:00,7014.0,7016.0,7006.0,7016.0,3048,1128334
2026-03-18 21:53:00,7016.0,7020.0,7008.0,7020.0,3499,1128170
2026-03-18 21:54:00,7018.0,7026.0,7008.0,7008.0,5708,1129499
2026-03-18 21:55:00,7008.0,7014.0,7004.0,7010.0,3322,1128672
2026-03-18 21:56:00,7012.0,7020.0,7008.0,7016.0,3292,1128916
2026-03-18 21:57:00,7014.0,7018.0,7010.0,7014.0,2308,1129017
2026-03-18 21:58:00,7016.0,7024.0,7010.0,7024.0,3075,1128866
2026-03-18 21:59:00,7024.0,7028.0,7012.0,7012.0,6099,1129547
2026-03-18 22:00:00,7012.0,7014.0,6982.0,6992.0,11310,1129060
2026-03-18 22:01:00,6990.0,6992.0,6978.0,6988.0,6119,1128093
2026-03-18 22:02:00,6984.0,6984.0,6966.0,6976.0,8054,1127182
2026-03-18 22:03:00,6976.0,6982.0,6968.0,6972.0,6144,1127868
2026-03-18 22:04:00,6972.0,6974.0,6958.0,6960.0,7740,1128541
2026-03-18 22:05:00,6960.0,6960.0,6946.0,6954.0,8348,1128414
2026-03-18 22:06:00,6956.0,6970.0,6952.0,6966.0,4966,1128674
2026-03-18 22:07:00,6962.0,6968.0,6956.0,6956.0,4240,1130198
2026-03-18 22:08:00,6956.0,6956.0,6944.0,6946.0,5252,1131543
2026-03-18 22:09:00,6948.0,6968.0,6948.0,6966.0,4460,1131403
2026-03-18 22:10:00,6968.0,6982.0,6966.0,6982.0,4209,1131271
2026-03-18 22:11:00,6984.0,6986.0,6972.0,6976.0,2206,1131037
2026-03-18 22:12:00,6974.0,6990.0,6974.0,6984.0,4224,1131858
2026-03-18 22:13:00,6982.0,7000.0,6982.0,6996.0,4658,1131627
2026-03-18 22:14:00,6994.0,7012.0,6994.0,7010.0,5213,1130275
2026-03-18 22:15:00,7010.0,7030.0,7008.0,7020.0,11232,1129371
2026-03-18 22:16:00,7024.0,7034.0,7020.0,7034.0,9909,1130240
2026-03-18 22:17:00,7034.0,7048.0,7034.0,7038.0,9203,1131637
2026-03-18 22:18:00,7036.0,7038.0,7018.0,7018.0,5122,1131530
2026-03-18 22:19:00,7020.0,7032.0,7012.0,7030.0,5428,1131769
2026-03-18 22:20:00,7030.0,7042.0,7024.0,7042.0,3130,1132000
2026-03-18 22:21:00,7044.0,7052.0,7044.0,7046.0,8650,1132861
2026-03-18 22:22:00,7048.0,7048.0,7028.0,7038.0,5572,1133066
2026-03-18 22:23:00,7042.0,7042.0,7026.0,7034.0,3146,1132926
2026-03-18 22:24:00,7034.0,7040.0,7032.0,7032.0,3656,1133094
2026-03-18 22:25:00,7032.0,7032.0,7020.0,7030.0,5508,1133123
2026-03-18 22:26:00,7030.0,7030.0,7018.0,7026.0,2835,1132957
2026-03-18 22:27:00,7028.0,7036.0,7010.0,7012.0,5705,1131580
2026-03-18 22:28:00,7012.0,7016.0,7006.0,7006.0,2981,1131675
2026-03-18 22:29:00,7002.0,7020.0,6996.0,7016.0,6179,1130886
2026-03-18 22:30:00,7020.0,7028.0,7010.0,7026.0,5071,1129404
2026-03-18 22:31:00,7022.0,7024.0,7002.0,7014.0,4810,1130262
2026-03-18 22:32:00,7014.0,7024.0,7006.0,7024.0,2540,1130431
2026-03-18 22:33:00,7024.0,7026.0,7014.0,7016.0,4082,1130922
2026-03-18 22:34:00,7016.0,7016.0,7000.0,7002.0,3773,1131175
2026-03-18 22:35:00,7004.0,7008.0,6982.0,7004.0,7565,1130711
2026-03-18 22:36:00,7006.0,7018.0,6994.0,7016.0,6070,1130504
2026-03-18 22:37:00,7012.0,7022.0,7012.0,7014.0,4887,1129748
2026-03-18 22:38:00,7014.0,7042.0,7014.0,7040.0,7500,1128712
2026-03-18 22:39:00,7040.0,7044.0,7026.0,7028.0,4022,1128892
2026-03-18 22:40:00,7028.0,7034.0,7020.0,7022.0,5093,1128825
2026-03-18 22:41:00,7022.0,7032.0,7022.0,7032.0,2284,1129099
2026-03-18 22:42:00,7032.0,7042.0,7028.0,7040.0,3626,1129167
2026-03-18 22:43:00,7040.0,7050.0,7040.0,7042.0,6079,1128912
2026-03-18 22:44:00,7042.0,7060.0,7040.0,7060.0,8013,1130020
2026-03-18 22:45:00,7060.0,7078.0,7056.0,7064.0,7271,1130916
2026-03-18 22:46:00,7062.0,7062.0,7050.0,7062.0,7312,1131095
2026-03-18 22:47:00,7060.0,7062.0,7040.0,7040.0,3966,1131127
2026-03-18 22:48:00,7044.0,7064.0,7040.0,7064.0,3099,1131000
2026-03-18 22:49:00,7068.0,7076.0,7056.0,7064.0,4715,1131723
2026-03-18 22:50:00,7066.0,7078.0,7066.0,7076.0,3917,1132312
2026-03-18 22:51:00,7078.0,7084.0,7074.0,7080.0,5271,1132639
2026-03-18 22:52:00,7082.0,7082.0,7072.0,7074.0,3168,1132414
2026-03-18 22:53:00,7074.0,7076.0,7054.0,7054.0,5788,1131519
2026-03-18 22:54:00,7042.0,7056.0,7038.0,7048.0,7054,1130671
2026-03-18 22:55:00,7046.0,7052.0,7038.0,7042.0,4507,1130315
2026-03-18 22:56:00,7044.0,7044.0,7030.0,7034.0,5912,1129823
2026-03-18 22:57:00,7032.0,7040.0,7020.0,7024.0,4822,1128975
2026-03-18 22:58:00,7022.0,7026.0,7004.0,7004.0,8488,1128199
2026-03-18 22:59:00,7004.0,7012.0,7000.0,7004.0,5953,1128549
2026-03-18 23:00:00,7002.0,7010.0,6998.0,7006.0,7672,1127537
2026-03-19 09:01:00,7052.0,7086.0,7004.0,7070.0,25905,1132714
2026-03-19 09:02:00,7068.0,7074.0,7050.0,7052.0,12046,1131932
2026-03-19 09:03:00,7050.0,7072.0,7038.0,7072.0,8902,1132113
2026-03-19 09:04:00,7070.0,7122.0,7070.0,7122.0,14617,1133350
2026-03-19 09:05:00,7130.0,7140.0,7114.0,7118.0,21056,1134448
2026-03-19 09:06:00,7116.0,7130.0,7110.0,7124.0,8956,1135241
2026-03-19 09:07:00,7122.0,7130.0,7086.0,7090.0,11258,1137325
2026-03-19 09:08:00,7090.0,7090.0,7070.0,7078.0,8479,1137204
2026-03-19 09:09:00,7080.0,7086.0,7078.0,7080.0,7269,1137706
2026-03-19 09:10:00,7076.0,7090.0,7068.0,7078.0,5613,1138692
2026-03-19 09:11:00,7080.0,7084.0,7038.0,7042.0,9539,1138868
2026-03-19 09:12:00,7038.0,7046.0,7026.0,7038.0,9223,1138420
2026-03-19 09:13:00,7032.0,7032.0,7014.0,7022.0,10372,1139068
2026-03-19 09:14:00,7022.0,7026.0,7010.0,7018.0,7338,1139591
2026-03-19 09:15:00,7018.0,7020.0,7004.0,7012.0,7995,1140520
2026-03-19 09:16:00,7010.0,7022.0,7006.0,7012.0,6625,1140306
2026-03-19 09:17:00,7010.0,7010.0,6994.0,6994.0,10266,1139616
2026-03-19 09:18:00,6992.0,6994.0,6972.0,6984.0,12530,1139579
2026-03-19 09:19:00,6984.0,6984.0,6956.0,6966.0,10471,1139908
2026-03-19 09:20:00,6964.0,6964.0,6948.0,6950.0,12470,1137206
2026-03-19 09:21:00,6952.0,6966.0,6928.0,6948.0,18774,1134154
2026-03-19 09:22:00,6948.0,6974.0,6948.0,6964.0,10527,1134041
2026-03-19 09:23:00,6962.0,6968.0,6952.0,6962.0,4760,1134831
2026-03-19 09:24:00,6958.0,6968.0,6954.0,6958.0,4429,1135078
2026-03-19 09:25:00,6958.0,6970.0,6958.0,6962.0,4918,1134876
2026-03-19 09:26:00,6960.0,6960.0,6950.0,6950.0,4211,1134948
2026-03-19 09:27:00,6944.0,6954.0,6944.0,6952.0,4643,1135071
2026-03-19 09:28:00,6950.0,6952.0,6928.0,6950.0,8875,1134628
2026-03-19 09:29:00,6950.0,6954.0,6944.0,6950.0,3212,1134464
2026-03-19 09:30:00,6952.0,6954.0,6944.0,6946.0,6876,1132948
2026-03-19 09:31:00,6950.0,6954.0,6948.0,6952.0,3236,1133365
2026-03-19 09:32:00,6952.0,6966.0,6950.0,6952.0,6846,1133027
2026-03-19 09:33:00,6946.0,6962.0,6942.0,6962.0,4024,1133324
2026-03-19 09:34:00,6958.0,6972.0,6956.0,6968.0,5281,1133336
2026-03-19 09:35:00,6966.0,6976.0,6960.0,6968.0,3154,1133273
2026-03-19 09:36:00,6976.0,6976.0,6958.0,6960.0,3165,1133507
2026-03-19 09:37:00,6962.0,6962.0,6952.0,6958.0,3384,1133509
2026-03-19 09:38:00,6954.0,6954.0,6938.0,6946.0,6313,1133412
2026-03-19 09:39:00,6950.0,6960.0,6936.0,6960.0,3932,1132877
2026-03-19 09:40:00,6960.0,6966.0,6956.0,6960.0,3727,1132314
2026-03-19 09:41:00,6960.0,6970.0,6958.0,6962.0,2917,1132268
2026-03-19 09:42:00,6962.0,6970.0,6956.0,6958.0,2585,1131886
2026-03-19 09:43:00,6956.0,6968.0,6956.0,6962.0,4005,1131025
2026-03-19 09:44:00,6960.0,6966.0,6956.0,6964.0,3307,1131295
2026-03-19 09:45:00,6962.0,6970.0,6948.0,6954.0,4596,1131520
2026-03-19 09:46:00,6948.0,6956.0,6940.0,6940.0,4679,1132280
2026-03-19 09:47:00,6940.0,6952.0,6940.0,6950.0,4441,1131191
2026-03-19 09:48:00,6950.0,6966.0,6946.0,6956.0,3543,1130662
2026-03-19 09:49:00,6956.0,6982.0,6956.0,6978.0,5473,1130289
2026-03-19 09:50:00,6978.0,6980.0,6958.0,6966.0,5164,1130110
2026-03-19 09:51:00,6970.0,6974.0,6964.0,6970.0,3274,1129598
2026-03-19 09:52:00,6966.0,6982.0,6966.0,6978.0,3523,1129406
2026-03-19 09:53:00,6982.0,6982.0,6962.0,6966.0,4172,1129540
2026-03-19 09:54:00,6966.0,6968.0,6956.0,6960.0,2517,1129419
2026-03-19 09:55:00,6960.0,6962.0,6950.0,6950.0,2418,1129397
2026-03-19 09:56:00,6948.0,6950.0,6934.0,6950.0,8636,1128343
2026-03-19 09:57:00,6950.0,6950.0,6932.0,6940.0,4789,1127583
2026-03-19 09:58:00,6942.0,6970.0,6940.0,6968.0,5122,1126866
2026-03-19 09:59:00,6968.0,6982.0,6966.0,6978.0,4446,1126012
2026-03-19 10:00:00,6978.0,6988.0,6976.0,6988.0,6384,1125982
2026-03-19 10:01:00,6986.0,7000.0,6986.0,6994.0,6714,1125918
2026-03-19 10:02:00,6994.0,6998.0,6978.0,6978.0,4918,1125766
2026-03-19 10:03:00,6978.0,6998.0,6972.0,6996.0,5405,1124874
2026-03-19 10:04:00,6996.0,7004.0,6996.0,6998.0,4369,1125160
2026-03-19 10:05:00,7000.0,7010.0,6998.0,7000.0,4458,1124874
2026-03-19 10:06:00,7000.0,7010.0,7000.0,7010.0,2991,1125044
2026-03-19 10:07:00,7006.0,7008.0,6994.0,7004.0,4036,1125810
2026-03-19 10:08:00,7008.0,7008.0,6964.0,6966.0,7481,1125557
2026-03-19 10:09:00,6962.0,6962.0,6938.0,6938.0,9204,1125442
2026-03-19 10:10:00,6936.0,6946.0,6936.0,6946.0,6860,1125869
2026-03-19 10:11:00,6946.0,6958.0,6944.0,6958.0,544,1125594
2026-03-19 10:12:00,6954.0,6960.0,6948.0,6948.0,2524,1125509
2026-03-19 10:13:00,6940.0,6952.0,6938.0,6948.0,3943,1125240
2026-03-19 10:14:00,6946.0,6952.0,6942.0,6946.0,1507,1124916
2026-03-19 10:15:00,6946.0,6946.0,6926.0,6940.0,7902,1126301
2026-03-19 10:31:00,6930.0,6938.0,6914.0,6914.0,10023,1125584
2026-03-19 10:32:00,6912.0,6914.0,6906.0,6914.0,6921,1125324
2026-03-19 10:33:00,6914.0,6916.0,6908.0,6908.0,3515,1125627
2026-03-19 10:34:00,6908.0,6914.0,6908.0,6910.0,3015,1125961
2026-03-19 10:35:00,6910.0,6928.0,6910.0,6914.0,4553,1126256
2026-03-19 10:36:00,6910.0,6910.0,6906.0,6906.0,3166,1126946
2026-03-19 10:37:00,6900.0,6906.0,6882.0,6906.0,8970,1127085
2026-03-19 10:38:00,6904.0,6908.0,6902.0,6906.0,3487,1127080
2026-03-19 10:39:00,6904.0,6910.0,6896.0,6898.0,3999,1126825
2026-03-19 10:40:00,6898.0,6902.0,6890.0,6890.0,4518,1127684
2026-03-19 10:41:00,6890.0,6894.0,6876.0,6878.0,6463,1128953
2026-03-19 10:42:00,6876.0,6878.0,6866.0,6874.0,7763,1128084
2026-03-19 10:43:00,6874.0,6878.0,6860.0,6862.0,6698,1128559
2026-03-19 10:44:00,6860.0,6864.0,6850.0,6856.0,7722,1128115
2026-03-19 10:45:00,6856.0,6880.0,6856.0,6874.0,5996,1128175
2026-03-19 10:46:00,6874.0,6880.0,6874.0,6876.0,4241,1128458
2026-03-19 10:47:00,6876.0,6884.0,6874.0,6884.0,3190,1128287
2026-03-19 10:48:00,6884.0,6884.0,6868.0,6882.0,3783,1127505
2026-03-19 10:49:00,6884.0,6902.0,6882.0,6896.0,5424,1126483
2026-03-19 10:50:00,6896.0,6898.0,6888.0,6898.0,3500,1126713
2026-03-19 10:51:00,6900.0,6908.0,6892.0,6908.0,5279,1125664
2026-03-19 10:52:00,6908.0,6910.0,6886.0,6886.0,3663,1125234
2026-03-19 10:53:00,6882.0,6886.0,6868.0,6874.0,4852,1125398
2026-03-19 10:54:00,6872.0,6880.0,6866.0,6872.0,4003,1125118
2026-03-19 10:55:00,6870.0,6876.0,6868.0,6870.0,2616,1124794
2026-03-19 10:56:00,6868.0,6886.0,6862.0,6868.0,5302,1125537
2026-03-19 10:57:00,6866.0,6884.0,6864.0,6882.0,3381,1125144
2026-03-19 10:58:00,6882.0,6896.0,6878.0,6894.0,2581,1124378
2026-03-19 10:59:00,6892.0,6892.0,6884.0,6886.0,1749,1124153
2026-03-19 11:00:00,6888.0,6894.0,6886.0,6886.0,2078,1123893
2026-03-19 11:01:00,6884.0,6900.0,6882.0,6898.0,3119,1123614
2026-03-19 11:02:00,6898.0,6904.0,6896.0,6902.0,2533,1123522
2026-03-19 11:03:00,6900.0,6902.0,6880.0,6884.0,2771,1123542
2026-03-19 11:04:00,6886.0,6890.0,6882.0,6888.0,1722,1123643
2026-03-19 11:05:00,6888.0,6892.0,6876.0,6878.0,2646,1123513
2026-03-19 11:06:00,6878.0,6892.0,6876.0,6884.0,1306,1123269
2026-03-19 11:07:00,6884.0,6888.0,6878.0,6884.0,1879,1123060
2026-03-19 11:08:00,6882.0,6894.0,6882.0,6894.0,2073,1122292
2026-03-19 11:09:00,6894.0,6898.0,6892.0,6896.0,2276,1121913
2026-03-19 11:10:00,6894.0,6902.0,6892.0,6898.0,3177,1121080
2026-03-19 11:11:00,6900.0,6902.0,6898.0,6900.0,1394,1120866
2026-03-19 11:12:00,6898.0,6902.0,6872.0,6880.0,5468,1121359
2026-03-19 11:13:00,6882.0,6882.0,6866.0,6874.0,4594,1122625
2026-03-19 11:14:00,6866.0,6868.0,6850.0,6850.0,5473,1122829
2026-03-19 11:15:00,6850.0,6858.0,6848.0,6852.0,3491,1123706
2026-03-19 11:16:00,6854.0,6860.0,6840.0,6844.0,5911,1124041
2026-03-19 11:17:00,6842.0,6846.0,6836.0,6844.0,3680,1124975
2026-03-19 11:18:00,6844.0,6844.0,6826.0,6836.0,4604,1124850
2026-03-19 11:19:00,6836.0,6840.0,6830.0,6830.0,3671,1125529
2026-03-19 11:20:00,6830.0,6842.0,6822.0,6836.0,4466,1125226
2026-03-19 11:21:00,6840.0,6840.0,6828.0,6830.0,2603,1125801
2026-03-19 11:22:00,6830.0,6830.0,6822.0,6830.0,2535,1126038
2026-03-19 11:23:00,6830.0,6830.0,6814.0,6816.0,4723,1126202
2026-03-19 11:24:00,6818.0,6822.0,6808.0,6822.0,5261,1125559
2026-03-19 11:25:00,6820.0,6826.0,6814.0,6822.0,3157,1125773
2026-03-19 11:26:00,6822.0,6824.0,6814.0,6816.0,2491,1125927
2026-03-19 11:27:00,6820.0,6824.0,6790.0,6796.0,8469,1127414
2026-03-19 11:28:00,6794.0,6804.0,6790.0,6804.0,4951,1128339
2026-03-19 11:29:00,6804.0,6808.0,6794.0,6800.0,3839,1127932
2026-03-19 11:30:00,6810.0,6812.0,6800.0,6804.0,3785,1126953
2026-03-19 13:31:00,6808.0,6866.0,6804.0,6862.0,17743,1127806
2026-03-19 13:32:00,6864.0,6874.0,6862.0,6862.0,8103,1127489
2026-03-19 13:33:00,6864.0,6880.0,6860.0,6880.0,6279,1127693
2026-03-19 13:34:00,6882.0,6882.0,6854.0,6856.0,4957,1127822
2026-03-19 13:35:00,6860.0,6862.0,6850.0,6852.0,5618,1128813
2026-03-19 13:36:00,6856.0,6870.0,6852.0,6870.0,5130,1128320
2026-03-19 13:37:00,6872.0,6876.0,6862.0,6868.0,2779,1128355
2026-03-19 13:38:00,6872.0,6876.0,6868.0,6872.0,2892,1128564
2026-03-19 13:39:00,6870.0,6878.0,6866.0,6878.0,2155,1128310
2026-03-19 13:40:00,6878.0,6884.0,6878.0,6880.0,3094,1128163
2026-03-19 13:41:00,6880.0,6880.0,6860.0,6862.0,3863,1128432
2026-03-19 13:42:00,6860.0,6860.0,6844.0,6856.0,4147,1127593
2026-03-19 13:43:00,6856.0,6864.0,6856.0,6860.0,2095,1127299
2026-03-19 13:44:00,6860.0,6860.0,6838.0,6838.0,3277,1127350
2026-03-19 13:45:00,6840.0,6876.0,6840.0,6872.0,3923,1127190
2026-03-19 13:46:00,6874.0,6878.0,6870.0,6874.0,3023,1127276
2026-03-19 13:47:00,6870.0,6870.0,6844.0,6856.0,4202,1127362
2026-03-19 13:48:00,6854.0,6860.0,6846.0,6856.0,1852,1127193
2026-03-19 13:49:00,6856.0,6856.0,6846.0,6854.0,2319,1127475
2026-03-19 13:50:00,6856.0,6860.0,6848.0,6850.0,1435,1127632
2026-03-19 13:51:00,6850.0,6866.0,6850.0,6866.0,1346,1127687
2026-03-19 13:52:00,6870.0,6876.0,6868.0,6872.0,3771,1127472
2026-03-19 13:53:00,6870.0,6870.0,6862.0,6866.0,1721,1127249
2026-03-19 13:54:00,6866.0,6866.0,6852.0,6856.0,2120,1127380
2026-03-19 13:55:00,6854.0,6854.0,6840.0,6846.0,3392,1127674
2026-03-19 13:56:00,6844.0,6852.0,6836.0,6846.0,4127,1128367
2026-03-19 13:57:00,6848.0,6854.0,6844.0,6850.0,2258,1128018
2026-03-19 13:58:00,6850.0,6858.0,6848.0,6854.0,1513,1127590
2026-03-19 13:59:00,6856.0,6862.0,6852.0,6852.0,2297,1127267
2026-03-19 14:00:00,6850.0,6850.0,6840.0,6844.0,2012,1126961
2026-03-19 14:01:00,6842.0,6848.0,6840.0,6844.0,1776,1126986
2026-03-19 14:02:00,6844.0,6854.0,6844.0,6854.0,1289,1126777
2026-03-19 14:03:00,6852.0,6854.0,6842.0,6846.0,1194,1126917
2026-03-19 14:04:00,6844.0,6858.0,6844.0,6858.0,1013,1126828
2026-03-19 14:05:00,6858.0,6862.0,6848.0,6852.0,1764,1126655
2026-03-19 14:06:00,6852.0,6856.0,6846.0,6848.0,1277,1127017
2026-03-19 14:07:00,6844.0,6844.0,6834.0,6840.0,4751,1127007
2026-03-19 14:08:00,6840.0,6840.0,6832.0,6832.0,1824,1127675
2026-03-19 14:09:00,6830.0,6830.0,6820.0,6824.0,3032,1127071
2026-03-19 14:10:00,6826.0,6832.0,6824.0,6826.0,4117,1128263
2026-03-19 14:11:00,6826.0,6826.0,6812.0,6814.0,4226,1129217
2026-03-19 14:12:00,6814.0,6816.0,6802.0,6802.0,4507,1129621
2026-03-19 14:13:00,6802.0,6802.0,6794.0,6802.0,6850,1130938
2026-03-19 14:14:00,6802.0,6812.0,6798.0,6802.0,2853,1130499
2026-03-19 14:15:00,6802.0,6816.0,6798.0,6816.0,2424,1130118
2026-03-19 14:16:00,6816.0,6828.0,6814.0,6816.0,3885,1130087
2026-03-19 14:17:00,6818.0,6820.0,6810.0,6816.0,2007,1130656
2026-03-19 14:18:00,6816.0,6816.0,6810.0,6810.0,1684,1131259
2026-03-19 14:19:00,6814.0,6822.0,6810.0,6814.0,2289,1131485
2026-03-19 14:20:00,6814.0,6822.0,6810.0,6818.0,1567,1131716
2026-03-19 14:21:00,6818.0,6820.0,6814.0,6816.0,1170,1131842
2026-03-19 14:22:00,6816.0,6828.0,6814.0,6828.0,2417,1131472
2026-03-19 14:23:00,6826.0,6826.0,6816.0,6820.0,2089,1131699
2026-03-19 14:24:00,6822.0,6824.0,6818.0,6820.0,1310,1131726
2026-03-19 14:25:00,6822.0,6828.0,6818.0,6826.0,1139,1131472
2026-03-19 14:26:00,6824.0,6836.0,6822.0,6832.0,2722,1131146
2026-03-19 14:27:00,6832.0,6834.0,6828.0,6834.0,1695,1130866
2026-03-19 14:28:00,6832.0,6842.0,6832.0,6842.0,2273,1130402
2026-03-19 14:29:00,6840.0,6842.0,6836.0,6836.0,1269,1130425
2026-03-19 14:30:00,6836.0,6850.0,6836.0,6850.0,3628,1129321
2026-03-19 14:31:00,6850.0,6866.0,6844.0,6864.0,2794,1128928
2026-03-19 14:32:00,6868.0,6876.0,6868.0,6872.0,4434,1129065
2026-03-19 14:33:00,6874.0,6874.0,6860.0,6860.0,3719,1129352
2026-03-19 14:34:00,6862.0,6870.0,6860.0,6866.0,1899,1129749
2026-03-19 14:35:00,6866.0,6870.0,6862.0,6864.0,2179,1129292
2026-03-19 14:36:00,6860.0,6868.0,6856.0,6856.0,2131,1128719
2026-03-19 14:37:00,6856.0,6862.0,6850.0,6862.0,1431,1128586
2026-03-19 14:38:00,6864.0,6868.0,6854.0,6860.0,1619,1128400
2026-03-19 14:39:00,6862.0,6864.0,6852.0,6856.0,1127,1128335
2026-03-19 14:40:00,6856.0,6862.0,6852.0,6856.0,1775,1128212
2026-03-19 14:41:00,6856.0,6858.0,6846.0,6846.0,2068,1127977
2026-03-19 14:42:00,6848.0,6848.0,6820.0,6822.0,4141,1127533
2026-03-19 14:43:00,6820.0,6822.0,6816.0,6816.0,2915,1127479
2026-03-19 14:44:00,6816.0,6816.0,6802.0,6810.0,4921,1127115
2026-03-19 14:45:00,6810.0,6812.0,6802.0,6810.0,3098,1126490
2026-03-19 14:46:00,6810.0,6816.0,6800.0,6810.0,3270,1126457
2026-03-19 14:47:00,6808.0,6812.0,6804.0,6806.0,2348,1126656
2026-03-19 14:48:00,6808.0,6816.0,6808.0,6808.0,2595,1126469
2026-03-19 14:49:00,6808.0,6814.0,6802.0,6804.0,3656,1126531
2026-03-19 14:50:00,6800.0,6800.0,6788.0,6794.0,9677,1125251
2026-03-19 14:51:00,6798.0,6810.0,6798.0,6810.0,3177,1124739
2026-03-19 14:52:00,6810.0,6816.0,6808.0,6816.0,1941,1124112
2026-03-19 14:53:00,6816.0,6820.0,6812.0,6818.0,2752,1123941
2026-03-19 14:54:00,6818.0,6826.0,6816.0,6816.0,2489,1123342
2026-03-19 14:55:00,6816.0,6822.0,6816.0,6820.0,2032,1123002
2026-03-19 14:56:00,6820.0,6830.0,6816.0,6830.0,268,1121492
2026-03-19 14:57:00,6830.0,6850.0,6830.0,6848.0,5771,1118955
2026-03-19 14:58:00,6846.0,6850.0,6840.0,6844.0,2456,1118731
2026-03-19 14:59:00,6844.0,6844.0,6836.0,6840.0,3798,1117786
2026-03-19 15:00:00,6838.0,6842.0,6832.0,6834.0,6154,1116049
2026-03-19 21:01:00,6790.0,6790.0,6740.0,6750.0,2548,1117342
2026-03-19 21:02:00,6752.0,6788.0,6734.0,6788.0,2181,1119882
2026-03-19 21:03:00,6786.0,6812.0,6786.0,6794.0,321,1122507
2026-03-19 21:04:00,6798.0,6844.0,6798.0,6844.0,686,1122402
2026-03-19 21:05:00,6838.0,6838.0,6816.0,6824.0,314,1122474
2026-03-19 21:06:00,6824.0,6826.0,6806.0,6824.0,584,1123493
2026-03-19 21:07:00,6828.0,6850.0,6826.0,6842.0,213,1121954
2026-03-19 21:08:00,6844.0,6846.0,6824.0,6840.0,60,1122062
2026-03-19 21:09:00,6838.0,6842.0,6784.0,6784.0,2072,1122660
2026-03-19 21:10:00,6780.0,6784.0,6766.0,6782.0,744,1122257
2026-03-19 21:11:00,6782.0,6790.0,6770.0,6772.0,654,1123292
2026-03-19 21:12:00,6772.0,6784.0,6770.0,6772.0,342,1123844
2026-03-19 21:13:00,6774.0,6776.0,6734.0,6736.0,1561,1124499
2026-03-19 21:14:00,6730.0,6730.0,6698.0,6714.0,591,1124972
2026-03-19 21:15:00,6712.0,6750.0,6712.0,6740.0,40,1124384
2026-03-19 21:16:00,6738.0,6760.0,6738.0,6740.0,1518,1123859
2026-03-19 21:17:00,6738.0,6740.0,6698.0,6698.0,7059,1124442
2026-03-19 21:18:00,6702.0,6722.0,6700.0,6716.0,1121,1124371
2026-03-19 21:19:00,6718.0,6718.0,6690.0,6692.0,4190,1124816
2026-03-19 21:20:00,6678.0,6678.0,6674.0,6674.0,1148,1121748
2026-03-19 21:21:00,6670.0,6694.0,6670.0,6690.0,1460,1119071
2026-03-19 21:22:00,6706.0,6718.0,6706.0,6708.0,2368,1118740
2026-03-19 21:23:00,6718.0,6720.0,6714.0,6714.0,361,1118254
2026-03-19 21:24:00,6736.0,6738.0,6736.0,6738.0,170,1117706
2026-03-19 21:25:00,6742.0,6742.0,6734.0,6734.0,317,1116369
2026-03-19 21:26:00,6740.0,6744.0,6720.0,6720.0,1419,1116222
2026-03-19 21:27:00,6714.0,6720.0,6708.0,6710.0,1032,1116414
2026-03-19 21:28:00,6694.0,6706.0,6694.0,6702.0,512,1116566
2026-03-19 21:29:00,6696.0,6704.0,6696.0,6698.0,583,1117253
2026-03-19 21:30:00,6696.0,6702.0,6686.0,6694.0,374,1117574
2026-03-19 21:31:00,6704.0,6708.0,6694.0,6702.0,3292,1117897
2026-03-19 21:32:00,6714.0,6714.0,6710.0,6710.0,96,1117611
2026-03-19 21:33:00,6696.0,6696.0,6686.0,6688.0,2736,1117561
2026-03-19 21:34:00,6708.0,6710.0,6708.0,6710.0,202,1117259
2026-03-19 21:35:00,6722.0,6722.0,6722.0,6722.0,64,1118029
2026-03-19 21:36:00,6716.0,6716.0,6716.0,6716.0,146,1118000
2026-03-19 21:37:00,6720.0,6724.0,6716.0,6716.0,763,1117545
2026-03-19 21:38:00,6716.0,6730.0,6714.0,6726.0,2655,1118038
2026-03-19 21:39:00,6726.0,6728.0,6714.0,6714.0,813,1117527
2026-03-19 21:40:00,6718.0,6722.0,6714.0,6716.0,166,1117568
2026-03-19 21:41:00,6716.0,6722.0,6706.0,6722.0,45,1117084
2026-03-19 21:42:00,6724.0,6724.0,6706.0,6714.0,75,1117079
2026-03-19 21:43:00,6704.0,6706.0,6704.0,6706.0,136,1117382
2026-03-19 21:44:00,6724.0,6724.0,6720.0,6724.0,856,1116753
2026-03-19 21:45:00,6734.0,6736.0,6728.0,6734.0,313,1117266
2026-03-19 21:46:00,6738.0,6744.0,6738.0,6744.0,438,1117317
2026-03-19 21:47:00,6742.0,6756.0,6738.0,6750.0,450,1116429
2026-03-19 21:48:00,6748.0,6750.0,6738.0,6744.0,923,1116501
2026-03-19 21:49:00,6740.0,6740.0,6738.0,6740.0,384,1116669
2026-03-19 21:50:00,6738.0,6754.0,6736.0,6754.0,1840,1115936
2026-03-19 21:51:00,6750.0,6750.0,6744.0,6744.0,1717,1117064
2026-03-19 21:52:00,6730.0,6732.0,6728.0,6730.0,925,1118890
2026-03-19 21:53:00,6726.0,6726.0,6724.0,6724.0,142,1118258
2026-03-19 21:54:00,6724.0,6724.0,6722.0,6722.0,125,1118161
2026-03-19 21:55:00,6726.0,6744.0,6722.0,6738.0,917,1118816
2026-03-19 21:56:00,6750.0,6752.0,6750.0,6750.0,197,1118799
2026-03-19 21:57:00,6766.0,6792.0,6766.0,6786.0,2877,1117864
2026-03-19 21:58:00,6786.0,6790.0,6780.0,6788.0,165,1116811
2026-03-19 21:59:00,6778.0,6782.0,6778.0,6780.0,72,1116552
2026-03-19 22:00:00,6780.0,6784.0,6780.0,6784.0,49,1116514
2026-03-19 22:01:00,6772.0,6772.0,6768.0,6770.0,639,1115769
2026-03-19 22:02:00,6766.0,6786.0,6764.0,6786.0,2042,1115141
2026-03-19 22:03:00,6784.0,6788.0,6782.0,6782.0,657,1115629
2026-03-19 22:04:00,6784.0,6788.0,6776.0,6776.0,338,1115100
2026-03-19 22:05:00,6778.0,6792.0,6776.0,6792.0,1147,1115025
2026-03-19 22:06:00,6790.0,6790.0,6784.0,6790.0,742,1115366
2026-03-19 22:07:00,6784.0,6788.0,6782.0,6786.0,120,1114301
2026-03-19 22:08:00,6780.0,6782.0,6780.0,6782.0,84,1114096
2026-03-19 22:09:00,6778.0,6778.0,6756.0,6758.0,1133,1113745
2026-03-19 22:10:00,6742.0,6748.0,6742.0,6748.0,1443,1113765
2026-03-19 22:11:00,6746.0,6746.0,6730.0,6732.0,1308,1113824
2026-03-19 22:12:00,6730.0,6730.0,6716.0,6720.0,5314,1112898
2026-03-19 22:13:00,6708.0,6708.0,6702.0,6704.0,810,1113754
2026-03-19 22:14:00,6702.0,6702.0,6700.0,6702.0,287,1114297
2026-03-19 22:15:00,6702.0,6702.0,6700.0,6700.0,225,1114234
2026-03-19 22:16:00,6716.0,6716.0,6714.0,6714.0,194,1113893
2026-03-19 22:17:00,6712.0,6712.0,6700.0,6710.0,494,1114017
2026-03-19 22:18:00,6708.0,6716.0,6702.0,6714.0,235,1114349
2026-03-19 22:19:00,6726.0,6730.0,6724.0,6724.0,318,1114221
2026-03-19 22:20:00,6726.0,6726.0,6718.0,6724.0,240,1114190
2026-03-19 22:21:00,6710.0,6712.0,6706.0,6706.0,83,1113972
2026-03-19 22:22:00,6710.0,6732.0,6706.0,6732.0,1178,1113493
2026-03-19 22:23:00,6732.0,6736.0,6726.0,6732.0,2146,1113404
2026-03-19 22:24:00,6732.0,6738.0,6724.0,6730.0,4085,1113143
2026-03-19 22:25:00,6728.0,6736.0,6724.0,6730.0,1484,1112863
2026-03-19 22:26:00,6730.0,6740.0,6728.0,6734.0,57,1111770
2026-03-19 22:27:00,6732.0,6752.0,6732.0,6750.0,190,1111384
2026-03-19 22:28:00,6754.0,6754.0,6754.0,6754.0,0,1111157
2026-03-19 22:29:00,6754.0,6756.0,6748.0,6756.0,177,1111024
2026-03-19 22:30:00,6756.0,6776.0,6756.0,6768.0,419,1110732
2026-03-19 22:31:00,6774.0,6786.0,6772.0,6780.0,273,1110085
2026-03-19 22:32:00,6778.0,6778.0,6764.0,6772.0,444,1110141
2026-03-19 22:33:00,6766.0,6768.0,6760.0,6768.0,147,1109868
2026-03-19 22:34:00,6770.0,6770.0,6768.0,6768.0,47,1109800
2026-03-19 22:35:00,6776.0,6776.0,6770.0,6774.0,122,1109403
2026-03-19 22:36:00,6772.0,6774.0,6760.0,6760.0,515,1108750
2026-03-19 22:37:00,6766.0,6772.0,6758.0,6770.0,472,1108240
2026-03-19 22:38:00,6766.0,6774.0,6764.0,6772.0,136,1107414
2026-03-19 22:39:00,6778.0,6778.0,6774.0,6778.0,1236,1107144
2026-03-19 22:40:00,6774.0,6776.0,6772.0,6776.0,128,1106273
2026-03-19 22:41:00,6774.0,6780.0,6770.0,6770.0,130,1105497
2026-03-19 22:42:00,6780.0,6784.0,6780.0,6780.0,328,1104956
2026-03-19 22:43:00,6782.0,6782.0,6760.0,6760.0,2120,1104539
2026-03-19 22:44:00,6756.0,6758.0,6736.0,6744.0,3314,1103497
2026-03-19 22:45:00,6756.0,6758.0,6756.0,6758.0,8,1103234
2026-03-19 22:46:00,6758.0,6762.0,6744.0,6744.0,2110,1102887
2026-03-19 22:47:00,6744.0,6754.0,6740.0,6742.0,1401,1102347
2026-03-19 22:48:00,6742.0,6750.0,6740.0,6744.0,1268,1101921
2026-03-19 22:49:00,6742.0,6744.0,6726.0,6728.0,474,1101170
2026-03-19 22:50:00,6720.0,6728.0,6718.0,6728.0,294,1100968
2026-03-19 22:51:00,6730.0,6732.0,6728.0,6732.0,727,1100988
2026-03-19 22:52:00,6718.0,6726.0,6718.0,6726.0,210,1100987
2026-03-19 22:53:00,6732.0,6734.0,6730.0,6732.0,17,1100514
2026-03-19 22:54:00,6732.0,6734.0,6730.0,6732.0,43,1100179
2026-03-19 22:55:00,6740.0,6744.0,6740.0,6742.0,131,1099718
2026-03-19 22:56:00,6730.0,6736.0,6728.0,6734.0,20,1098971
2026-03-19 22:57:00,6726.0,6726.0,6720.0,6722.0,566,1099205
2026-03-19 22:58:00,6726.0,6730.0,6726.0,6730.0,85,1099240
2026-03-19 22:59:00,6732.0,6734.0,6728.0,6728.0,43,1098423
2026-03-19 23:00:00,6732.0,6734.0,6726.0,6730.0,191,1096132
