期货代码,名称,合约,最新价,昨收,今开,最高,最低,买一,卖一,成交量,持仓量,时间,序号
T2606,108.370,108.405,108.200,108.210,96771,10479296.150,292887.000,0.000,0.000,110.545,106.215,2026-04-01 23:10:59,1
TL2606,111.600,111.600,111.220,111.370,78758,8769427.210,132018.000,0.000,0.000,115.480,107.680,2026-04-01 23:10:59,1
TS2606,102.526,102.548,102.492,102.496,48784,5001220.706,76314.000,0.000,0.000,103.044,102.020,2026-04-01 23:10:59,1
TF2606,106.075,106.115,105.965,105.975,83041,8805049.020,177618.000,0.000,0.000,107.355,104.815,2026-04-01 23:10:59,1
BR2605,丁二烯橡胶2605,230000,17030.000,17125.000,16770.000,0.000,16840.000,16845.000,16845.000,0.000,17545.000,2026-04-01 23:10:59,1
P2605,棕榈油2605,230000,9842.000,9850.000,9736.000,0.000,9760.000,9762.000,9760.000,0.000,10002.000,2026-04-01 23:10:59,1
RU2605,天然橡胶2605,230000,16465.000,16640.000,16465.000,0.000,16560.000,16570.000,16570.000,0.000,16665.000,2026-04-01 23:10:59,1
MA2605,甲醇2605,230000,3071.000,3120.000,3058.000,0.000,3091.000,3092.000,3092.000,0.000,3157.000,2026-04-01 23:10:59,1
JM2605,焦煤2605,230000,1120.000,1125.000,1110.000,0.000,1113.500,1114.000,1114.000,0.000,1136.000,2026-04-01 23:10:59,1
CF2605,棉花2605,225959,15250.000,15270.000,15215.000,0.000,15255.000,15260.000,15260.000,0.000,15380.000,2026-04-01 23:10:59,1
BU2606,沥青2606,230000,4350.000,4357.000,4272.000,0.000,4303.000,4304.000,4304.000,0.000,4432.000,2026-04-01 23:10:59,1
AL2605,铝2605,231059,24830.000,24970.000,24775.000,0.000,24920.000,24925.000,24925.000,0.000,24850.000,2026-04-01 23:10:59,1
EG2605,乙二醇2605,230000,4911.000,4965.000,4863.000,0.000,4879.000,4880.000,4879.000,0.000,5125.000,2026-04-01 23:10:59,1
PP2605,聚丙烯2605,230000,8885.000,8959.000,8828.000,0.000,8907.000,8908.000,8907.000,0.000,9015.000,2026-04-01 23:10:59,1
TA2605,PTA2605,230000,6458.000,6544.000,6454.000,0.000,6510.000,6512.000,6510.000,0.000,6634.000,2026-04-01 23:10:59,1
NI2605,镍2605,231059,135100.000,135110.000,133720.000,0.000,134340.000,134350.000,134340.000,0.000,135050.000,2026-04-01 23:10:59,1
V2605,PVC2605,230000,5301.000,5338.000,5269.000,0.000,5323.000,5324.000,5323.000,0.000,5358.000,2026-04-01 23:10:59,1
EB2605,苯乙烯2605,225959,10016.000,10056.000,9830.000,0.000,9934.000,9935.000,9934.000,0.000,10288.000,2026-04-01 23:10:59,1
L2605,塑料2605,230000,8493.000,8508.000,8406.000,0.000,8463.000,8464.000,8464.000,0.000,8559.000,2026-04-01 23:10:59,1
SM2605,锰硅2605,150000,6434.000,6444.000,6316.000,6380.000,6376.000,6382.000,6380.000,6388.000,6514.000,2026-04-01 23:10:59,1
Y2605,豆油2605,225959,8640.000,8654.000,8590.000,0.000,8604.000,8608.000,8604.000,0.000,8728.000,2026-04-01 23:10:59,1
PG2605,液化石油气2605,225959,6168.000,6240.000,6112.000,0.000,6156.000,6170.000,6170.000,0.000,6341.000,2026-04-01 23:10:59,1
OI2605,菜油2605,230000,9735.000,9763.000,9724.000,0.000,9745.000,9747.000,9746.000,0.000,9855.000,2026-04-01 23:10:59,1
FU2605,燃料油2605,230000,4098.000,4123.000,4034.000,0.000,4092.000,4094.000,4092.000,0.000,4231.000,2026-04-01 23:10:59,1
M2605,豆粕2605,230000,2875.000,2877.000,2856.000,0.000,2864.000,2865.000,2865.000,0.000,2899.000,2026-04-01 23:10:59,1
I2605,铁矿石2605,230000,812.000,813.000,793.500,0.000,797.000,798.000,797.500,0.000,815.500,2026-04-01 23:10:59,1
SI2605,工业硅2605,150140,8355.000,8455.000,8300.000,8325.000,8320.000,8325.000,8325.000,8370.000,8390.000,2026-04-01 23:10:59,1
SH2605,烧碱2605,230000,2260.000,2289.000,2234.000,0.000,2249.000,2250.000,2249.000,0.000,2312.000,2026-04-01 23:10:59,1
AO2605,氧化铝2605,231059,2762.000,2773.000,2751.000,0.000,2767.000,2768.000,2767.000,0.000,2803.000,2026-04-01 23:10:59,1
AP2605,苹果2605,150000,9840.000,9963.000,9792.000,9860.000,9857.000,9858.000,9860.000,9901.000,9767.000,2026-04-01 23:10:59,1
FG2605,玻璃2605,230000,1003.000,1006.000,993.000,0.000,997.000,998.000,998.000,0.000,1009.000,2026-04-01 23:10:59,1
PX2605,对二甲苯2605,225959,9340.000,9422.000,9282.000,0.000,9316.000,9320.000,9316.000,0.000,9594.000,2026-04-01 23:10:59,1
C2605,玉米2605,230000,2350.000,2353.000,2345.000,0.000,2350.000,2351.000,2350.000,0.000,2359.000,2026-04-01 23:10:59,1
JD2605,鸡蛋2605,150414,3451.000,3458.000,3396.000,3415.000,3414.000,3415.000,3415.000,3430.000,3443.000,2026-04-01 23:10:59,1
SP2605,纸浆2605,230000,5080.000,5118.000,5070.000,0.000,5076.000,5078.000,5078.000,0.000,5104.000,2026-04-01 23:10:59,1
SA2605,纯碱2605,230000,1168.000,1176.000,1164.000,0.000,1167.000,1168.000,1167.000,0.000,1173.000,2026-04-01 23:10:59,1
SF2605,硅铁2605,150000,5884.000,5898.000,5810.000,5822.000,5822.000,5824.000,5822.000,5850.000,5954.000,2026-04-01 23:10:59,1
SR2605,白糖2605,230000,5360.000,5364.000,5340.000,0.000,5345.000,5346.000,5346.000,0.000,5386.000,2026-04-01 23:10:59,1
RB2605,螺纹钢2605,230000,3127.000,3127.000,3093.000,0.000,3095.000,3096.000,3096.000,0.000,3127.000,2026-04-01 23:10:59,1
UR2605,尿素2605,150000,1870.000,1870.000,1842.000,1851.000,1849.000,1850.000,1851.000,1857.000,1876.000,2026-04-01 23:10:59,1
NR2605,20号胶2605,230000,13665.000,13855.000,13665.000,0.000,13785.000,13790.000,13785.000,0.000,13825.000,2026-04-01 23:10:59,1
CJ2605,红枣2605,150000,8730.000,8765.000,8625.000,8635.000,8635.000,8640.000,8635.000,8695.000,8700.000,2026-04-01 23:10:59,1
ZN2605,沪锌2605,231059,23635.000,23905.000,23620.000,0.000,23865.000,23870.000,23865.000,0.000,23595.000,2026-04-01 23:10:59,1
RM2605,菜粕2605,230000,2264.000,2268.000,2249.000,0.000,2250.000,2251.000,2251.000,0.000,2282.000,2026-04-01 23:10:59,1
A2605,豆一2605,230000,4603.000,4616.000,4580.000,0.000,4611.000,4612.000,4612.000,0.000,4636.000,2026-04-01 23:10:59,1
HC2605,热轧卷板2605,230000,3290.000,3292.000,3263.000,0.000,3266.000,3267.000,3267.000,0.000,3295.000,2026-04-01 23:10:59,1
SS2605,不锈钢2605,231059,14180.000,14185.000,14080.000,0.000,14120.000,14125.000,14125.000,0.000,14215.000,2026-04-01 23:10:59,1
PF2606,短纤2606,225959,7970.000,8056.000,7962.000,0.000,7986.000,8010.000,8000.000,0.000,8156.000,2026-04-01 23:10:59,1
PK2605,花生2605,150000,8086.000,8100.000,8000.000,8012.000,8012.000,8014.000,8012.000,8054.000,8096.000,2026-04-01 23:10:59,1
T2606,108.370,108.405,108.200,108.210,96771,10479296.150,292887.000,0.000,0.000,110.545,106.215,2026-04-01 23:10:59,2
TL2606,111.600,111.600,111.220,111.370,78758,8769427.210,132018.000,0.000,0.000,115.480,107.680,2026-04-01 23:10:59,2
TS2606,102.526,102.548,102.492,102.496,48784,5001220.706,76314.000,0.000,0.000,103.044,102.020,2026-04-01 23:10:59,2
TF2606,106.075,106.115,105.965,105.975,83041,8805049.020,177618.000,0.000,0.000,107.355,104.815,2026-04-01 23:10:59,2
BR2605,丁二烯橡胶2605,230000,17030.000,17125.000,16770.000,0.000,16840.000,16845.000,16845.000,0.000,17545.000,2026-04-01 23:10:59,2
P2605,棕榈油2605,230000,9842.000,9850.000,9736.000,0.000,9760.000,9762.000,9760.000,0.000,10002.000,2026-04-01 23:10:59,2
RU2605,天然橡胶2605,230000,16465.000,16640.000,16465.000,0.000,16560.000,16570.000,16570.000,0.000,16665.000,2026-04-01 23:10:59,2
MA2605,甲醇2605,230000,3071.000,3120.000,3058.000,0.000,3091.000,3092.000,3092.000,0.000,3157.000,2026-04-01 23:10:59,2
JM2605,焦煤2605,230000,1120.000,1125.000,1110.000,0.000,1113.500,1114.000,1114.000,0.000,1136.000,2026-04-01 23:10:59,2
CF2605,棉花2605,225959,15250.000,15270.000,15215.000,0.000,15255.000,15260.000,15260.000,0.000,15380.000,2026-04-01 23:10:59,2
BU2606,沥青2606,230000,4350.000,4357.000,4272.000,0.000,4303.000,4304.000,4304.000,0.000,4432.000,2026-04-01 23:10:59,2
AL2605,铝2605,231059,24830.000,24970.000,24775.000,0.000,24920.000,24925.000,24925.000,0.000,24850.000,2026-04-01 23:10:59,2
EG2605,乙二醇2605,230000,4911.000,4965.000,4863.000,0.000,4879.000,4880.000,4879.000,0.000,5125.000,2026-04-01 23:10:59,2
PP2605,聚丙烯2605,230000,8885.000,8959.000,8828.000,0.000,8907.000,8908.000,8907.000,0.000,9015.000,2026-04-01 23:10:59,2
TA2605,PTA2605,230000,6458.000,6544.000,6454.000,0.000,6510.000,6512.000,6510.000,0.000,6634.000,2026-04-01 23:10:59,2
NI2605,镍2605,231059,135100.000,135110.000,133720.000,0.000,134340.000,134350.000,134340.000,0.000,135050.000,2026-04-01 23:10:59,2
V2605,PVC2605,230000,5301.000,5338.000,5269.000,0.000,5323.000,5324.000,5323.000,0.000,5358.000,2026-04-01 23:10:59,2
EB2605,苯乙烯2605,225959,10016.000,10056.000,9830.000,0.000,9934.000,9935.000,9934.000,0.000,10288.000,2026-04-01 23:10:59,2
L2605,塑料2605,230000,8493.000,8508.000,8406.000,0.000,8463.000,8464.000,8464.000,0.000,8559.000,2026-04-01 23:10:59,2
SM2605,锰硅2605,150000,6434.000,6444.000,6316.000,6380.000,6376.000,6382.000,6380.000,6388.000,6514.000,2026-04-01 23:10:59,2
Y2605,豆油2605,225959,8640.000,8654.000,8590.000,0.000,8604.000,8608.000,8604.000,0.000,8728.000,2026-04-01 23:10:59,2
PG2605,液化石油气2605,225959,6168.000,6240.000,6112.000,0.000,6156.000,6170.000,6170.000,0.000,6341.000,2026-04-01 23:10:59,2
OI2605,菜油2605,230000,9735.000,9763.000,9724.000,0.000,9745.000,9747.000,9746.000,0.000,9855.000,2026-04-01 23:10:59,2
FU2605,燃料油2605,230000,4098.000,4123.000,4034.000,0.000,4092.000,4094.000,4092.000,0.000,4231.000,2026-04-01 23:10:59,2
M2605,豆粕2605,230000,2875.000,2877.000,2856.000,0.000,2864.000,2865.000,2865.000,0.000,2899.000,2026-04-01 23:10:59,2
I2605,铁矿石2605,230000,812.000,813.000,793.500,0.000,797.000,798.000,797.500,0.000,815.500,2026-04-01 23:10:59,2
SI2605,工业硅2605,150140,8355.000,8455.000,8300.000,8325.000,8320.000,8325.000,8325.000,8370.000,8390.000,2026-04-01 23:10:59,2
SH2605,烧碱2605,230000,2260.000,2289.000,2234.000,0.000,2249.000,2250.000,2249.000,0.000,2312.000,2026-04-01 23:10:59,2
AO2605,氧化铝2605,231059,2762.000,2773.000,2751.000,0.000,2767.000,2768.000,2767.000,0.000,2803.000,2026-04-01 23:10:59,2
AP2605,苹果2605,150000,9840.000,9963.000,9792.000,9860.000,9857.000,9858.000,9860.000,9901.000,9767.000,2026-04-01 23:10:59,2
FG2605,玻璃2605,230000,1003.000,1006.000,993.000,0.000,997.000,998.000,998.000,0.000,1009.000,2026-04-01 23:10:59,2
PX2605,对二甲苯2605,225959,9340.000,9422.000,9282.000,0.000,9316.000,9320.000,9316.000,0.000,9594.000,2026-04-01 23:10:59,2
C2605,玉米2605,230000,2350.000,2353.000,2345.000,0.000,2350.000,2351.000,2350.000,0.000,2359.000,2026-04-01 23:10:59,2
JD2605,鸡蛋2605,150414,3451.000,3458.000,3396.000,3415.000,3414.000,3415.000,3415.000,3430.000,3443.000,2026-04-01 23:10:59,2
SP2605,纸浆2605,230000,5080.000,5118.000,5070.000,0.000,5076.000,5078.000,5078.000,0.000,5104.000,2026-04-01 23:10:59,2
SA2605,纯碱2605,230000,1168.000,1176.000,1164.000,0.000,1167.000,1168.000,1167.000,0.000,1173.000,2026-04-01 23:10:59,2
SF2605,硅铁2605,150000,5884.000,5898.000,5810.000,5822.000,5822.000,5824.000,5822.000,5850.000,5954.000,2026-04-01 23:10:59,2
SR2605,白糖2605,230000,5360.000,5364.000,5340.000,0.000,5345.000,5346.000,5346.000,0.000,5386.000,2026-04-01 23:10:59,2
RB2605,螺纹钢2605,230000,3127.000,3127.000,3093.000,0.000,3095.000,3096.000,3096.000,0.000,3127.000,2026-04-01 23:10:59,2
UR2605,尿素2605,150000,1870.000,1870.000,1842.000,1851.000,1849.000,1850.000,1851.000,1857.000,1876.000,2026-04-01 23:10:59,2
NR2605,20号胶2605,230000,13665.000,13855.000,13665.000,0.000,13785.000,13790.000,13785.000,0.000,13825.000,2026-04-01 23:10:59,2
CJ2605,红枣2605,150000,8730.000,8765.000,8625.000,8635.000,8635.000,8640.000,8635.000,8695.000,8700.000,2026-04-01 23:10:59,2
ZN2605,沪锌2605,231059,23635.000,23905.000,23620.000,0.000,23865.000,23870.000,23865.000,0.000,23595.000,2026-04-01 23:10:59,2
RM2605,菜粕2605,230000,2264.000,2268.000,2249.000,0.000,2250.000,2251.000,2251.000,0.000,2282.000,2026-04-01 23:10:59,2
A2605,豆一2605,230000,4603.000,4616.000,4580.000,0.000,4611.000,4612.000,4612.000,0.000,4636.000,2026-04-01 23:10:59,2
HC2605,热轧卷板2605,230000,3290.000,3292.000,3263.000,0.000,3266.000,3267.000,3267.000,0.000,3295.000,2026-04-01 23:10:59,2
SS2605,不锈钢2605,231059,14180.000,14185.000,14080.000,0.000,14120.000,14125.000,14125.000,0.000,14215.000,2026-04-01 23:10:59,2
PF2606,短纤2606,225959,7970.000,8056.000,7962.000,0.000,7986.000,8010.000,8000.000,0.000,8156.000,2026-04-01 23:10:59,2
PK2605,花生2605,150000,8086.000,8100.000,8000.000,8012.000,8012.000,8014.000,8012.000,8054.000,8096.000,2026-04-01 23:10:59,2
T2606,108.370,108.405,108.200,108.210,96771,10479296.150,292887.000,0.000,0.000,110.545,106.215,2026-04-01 23:11:02,3
TL2606,111.600,111.600,111.220,111.370,78758,8769427.210,132018.000,0.000,0.000,115.480,107.680,2026-04-01 23:11:02,3
TS2606,102.526,102.548,102.492,102.496,48784,5001220.706,76314.000,0.000,0.000,103.044,102.020,2026-04-01 23:11:02,3
TF2606,106.075,106.115,105.965,105.975,83041,8805049.020,177618.000,0.000,0.000,107.355,104.815,2026-04-01 23:11:02,3
BR2605,丁二烯橡胶2605,230000,17030.000,17125.000,16770.000,0.000,16840.000,16845.000,16845.000,0.000,17545.000,2026-04-01 23:11:02,3
P2605,棕榈油2605,230000,9842.000,9850.000,9736.000,0.000,9760.000,9762.000,9760.000,0.000,10002.000,2026-04-01 23:11:02,3
RU2605,天然橡胶2605,230000,16465.000,16640.000,16465.000,0.000,16560.000,16570.000,16570.000,0.000,16665.000,2026-04-01 23:11:02,3
MA2605,甲醇2605,230000,3071.000,3120.000,3058.000,0.000,3091.000,3092.000,3092.000,0.000,3157.000,2026-04-01 23:11:02,3
JM2605,焦煤2605,230000,1120.000,1125.000,1110.000,0.000,1113.500,1114.000,1114.000,0.000,1136.000,2026-04-01 23:11:02,3
CF2605,棉花2605,225959,15250.000,15270.000,15215.000,0.000,15255.000,15260.000,15260.000,0.000,15380.000,2026-04-01 23:11:02,3
BU2606,沥青2606,230000,4350.000,4357.000,4272.000,0.000,4303.000,4304.000,4304.000,0.000,4432.000,2026-04-01 23:11:02,3
AL2605,铝2605,231102,24830.000,24970.000,24775.000,0.000,24920.000,24925.000,24920.000,0.000,24850.000,2026-04-01 23:11:02,3
EG2605,乙二醇2605,230000,4911.000,4965.000,4863.000,0.000,4879.000,4880.000,4879.000,0.000,5125.000,2026-04-01 23:11:02,3
PP2605,聚丙烯2605,230000,8885.000,8959.000,8828.000,0.000,8907.000,8908.000,8907.000,0.000,9015.000,2026-04-01 23:11:02,3
TA2605,PTA2605,230000,6458.000,6544.000,6454.000,0.000,6510.000,6512.000,6510.000,0.000,6634.000,2026-04-01 23:11:02,3
NI2605,镍2605,231101,135100.000,135110.000,133720.000,0.000,134340.000,134360.000,134350.000,0.000,135050.000,2026-04-01 23:11:02,3
V2605,PVC2605,230000,5301.000,5338.000,5269.000,0.000,5323.000,5324.000,5323.000,0.000,5358.000,2026-04-01 23:11:02,3
EB2605,苯乙烯2605,225959,10016.000,10056.000,9830.000,0.000,9934.000,9935.000,9934.000,0.000,10288.000,2026-04-01 23:11:02,3
L2605,塑料2605,230000,8493.000,8508.000,8406.000,0.000,8463.000,8464.000,8464.000,0.000,8559.000,2026-04-01 23:11:02,3
SM2605,锰硅2605,150000,6434.000,6444.000,6316.000,6380.000,6376.000,6382.000,6380.000,6388.000,6514.000,2026-04-01 23:11:02,3
Y2605,豆油2605,225959,8640.000,8654.000,8590.000,0.000,8604.000,8608.000,8604.000,0.000,8728.000,2026-04-01 23:11:02,3
PG2605,液化石油气2605,225959,6168.000,6240.000,6112.000,0.000,6156.000,6170.000,6170.000,0.000,6341.000,2026-04-01 23:11:02,3
OI2605,菜油2605,230000,9735.000,9763.000,9724.000,0.000,9745.000,9747.000,9746.000,0.000,9855.000,2026-04-01 23:11:02,3
FU2605,燃料油2605,230000,4098.000,4123.000,4034.000,0.000,4092.000,4094.000,4092.000,0.000,4231.000,2026-04-01 23:11:02,3
M2605,豆粕2605,230000,2875.000,2877.000,2856.000,0.000,2864.000,2865.000,2865.000,0.000,2899.000,2026-04-01 23:11:02,3
I2605,铁矿石2605,230000,812.000,813.000,793.500,0.000,797.000,798.000,797.500,0.000,815.500,2026-04-01 23:11:02,3
SI2605,工业硅2605,150140,8355.000,8455.000,8300.000,8325.000,8320.000,8325.000,8325.000,8370.000,8390.000,2026-04-01 23:11:02,3
SH2605,烧碱2605,230000,2260.000,2289.000,2234.000,0.000,2249.000,2250.000,2249.000,0.000,2312.000,2026-04-01 23:11:02,3
AO2605,氧化铝2605,231101,2762.000,2773.000,2751.000,0.000,2767.000,2768.000,2767.000,0.000,2803.000,2026-04-01 23:11:02,3
AP2605,苹果2605,150000,9840.000,9963.000,9792.000,9860.000,9857.000,9858.000,9860.000,9901.000,9767.000,2026-04-01 23:11:02,3
FG2605,玻璃2605,230000,1003.000,1006.000,993.000,0.000,997.000,998.000,998.000,0.000,1009.000,2026-04-01 23:11:02,3
PX2605,对二甲苯2605,225959,9340.000,9422.000,9282.000,0.000,9316.000,9320.000,9316.000,0.000,9594.000,2026-04-01 23:11:02,3
C2605,玉米2605,230000,2350.000,2353.000,2345.000,0.000,2350.000,2351.000,2350.000,0.000,2359.000,2026-04-01 23:11:02,3
JD2605,鸡蛋2605,150414,3451.000,3458.000,3396.000,3415.000,3414.000,3415.000,3415.000,3430.000,3443.000,2026-04-01 23:11:02,3
SP2605,纸浆2605,230000,5080.000,5118.000,5070.000,0.000,5076.000,5078.000,5078.000,0.000,5104.000,2026-04-01 23:11:02,3
SA2605,纯碱2605,230000,1168.000,1176.000,1164.000,0.000,1167.000,1168.000,1167.000,0.000,1173.000,2026-04-01 23:11:02,3
SF2605,硅铁2605,150000,5884.000,5898.000,5810.000,5822.000,5822.000,5824.000,5822.000,5850.000,5954.000,2026-04-01 23:11:02,3
SR2605,白糖2605,230000,5360.000,5364.000,5340.000,0.000,5345.000,5346.000,5346.000,0.000,5386.000,2026-04-01 23:11:02,3
RB2605,螺纹钢2605,230000,3127.000,3127.000,3093.000,0.000,3095.000,3096.000,3096.000,0.000,3127.000,2026-04-01 23:11:02,3
UR2605,尿素2605,150000,1870.000,1870.000,1842.000,1851.000,1849.000,1850.000,1851.000,1857.000,1876.000,2026-04-01 23:11:02,3
NR2605,20号胶2605,230000,13665.000,13855.000,13665.000,0.000,13785.000,13790.000,13785.000,0.000,13825.000,2026-04-01 23:11:02,3
CJ2605,红枣2605,150000,8730.000,8765.000,8625.000,8635.000,8635.000,8640.000,8635.000,8695.000,8700.000,2026-04-01 23:11:02,3
ZN2605,沪锌2605,231101,23635.000,23905.000,23620.000,0.000,23865.000,23870.000,23865.000,0.000,23595.000,2026-04-01 23:11:02,3
RM2605,菜粕2605,230000,2264.000,2268.000,2249.000,0.000,2250.000,2251.000,2251.000,0.000,2282.000,2026-04-01 23:11:02,3
A2605,豆一2605,230000,4603.000,4616.000,4580.000,0.000,4611.000,4612.000,4612.000,0.000,4636.000,2026-04-01 23:11:02,3
HC2605,热轧卷板2605,230000,3290.000,3292.000,3263.000,0.000,3266.000,3267.000,3267.000,0.000,3295.000,2026-04-01 23:11:02,3
SS2605,不锈钢2605,231101,14180.000,14185.000,14080.000,0.000,14120.000,14130.000,14125.000,0.000,14215.000,2026-04-01 23:11:02,3
PF2606,短纤2606,225959,7970.000,8056.000,7962.000,0.000,7986.000,8010.000,8000.000,0.000,8156.000,2026-04-01 23:11:02,3
PK2605,花生2605,150000,8086.000,8100.000,8000.000,8012.000,8012.000,8014.000,8012.000,8054.000,8096.000,2026-04-01 23:11:02,3
T2606,108.370,108.405,108.200,108.210,96771,10479296.150,292887.000,0.000,0.000,110.545,106.215,2026-04-01 23:11:02,4
TL2606,111.600,111.600,111.220,111.370,78758,8769427.210,132018.000,0.000,0.000,115.480,107.680,2026-04-01 23:11:02,4
TS2606,102.526,102.548,102.492,102.496,48784,5001220.706,76314.000,0.000,0.000,103.044,102.020,2026-04-01 23:11:02,4
TF2606,106.075,106.115,105.965,105.975,83041,8805049.020,177618.000,0.000,0.000,107.355,104.815,2026-04-01 23:11:02,4
BR2605,丁二烯橡胶2605,230000,17030.000,17125.000,16770.000,0.000,16840.000,16845.000,16845.000,0.000,17545.000,2026-04-01 23:11:02,4
P2605,棕榈油2605,230000,9842.000,9850.000,9736.000,0.000,9760.000,9762.000,9760.000,0.000,10002.000,2026-04-01 23:11:02,4
RU2605,天然橡胶2605,230000,16465.000,16640.000,16465.000,0.000,16560.000,16570.000,16570.000,0.000,16665.000,2026-04-01 23:11:02,4
MA2605,甲醇2605,230000,3071.000,3120.000,3058.000,0.000,3091.000,3092.000,3092.000,0.000,3157.000,2026-04-01 23:11:02,4
JM2605,焦煤2605,230000,1120.000,1125.000,1110.000,0.000,1113.500,1114.000,1114.000,0.000,1136.000,2026-04-01 23:11:02,4
CF2605,棉花2605,225959,15250.000,15270.000,15215.000,0.000,15255.000,15260.000,15260.000,0.000,15380.000,2026-04-01 23:11:02,4
BU2606,沥青2606,230000,4350.000,4357.000,4272.000,0.000,4303.000,4304.000,4304.000,0.000,4432.000,2026-04-01 23:11:02,4
AL2605,铝2605,231102,24830.000,24970.000,24775.000,0.000,24920.000,24925.000,24920.000,0.000,24850.000,2026-04-01 23:11:02,4
EG2605,乙二醇2605,230000,4911.000,4965.000,4863.000,0.000,4879.000,4880.000,4879.000,0.000,5125.000,2026-04-01 23:11:02,4
PP2605,聚丙烯2605,230000,8885.000,8959.000,8828.000,0.000,8907.000,8908.000,8907.000,0.000,9015.000,2026-04-01 23:11:02,4
TA2605,PTA2605,230000,6458.000,6544.000,6454.000,0.000,6510.000,6512.000,6510.000,0.000,6634.000,2026-04-01 23:11:02,4
NI2605,镍2605,231102,135100.000,135110.000,133720.000,0.000,134350.000,134360.000,134350.000,0.000,135050.000,2026-04-01 23:11:02,4
V2605,PVC2605,230000,5301.000,5338.000,5269.000,0.000,5323.000,5324.000,5323.000,0.000,5358.000,2026-04-01 23:11:02,4
EB2605,苯乙烯2605,225959,10016.000,10056.000,9830.000,0.000,9934.000,9935.000,9934.000,0.000,10288.000,2026-04-01 23:11:02,4
L2605,塑料2605,230000,8493.000,8508.000,8406.000,0.000,8463.000,8464.000,8464.000,0.000,8559.000,2026-04-01 23:11:02,4
SM2605,锰硅2605,150000,6434.000,6444.000,6316.000,6380.000,6376.000,6382.000,6380.000,6388.000,6514.000,2026-04-01 23:11:02,4
Y2605,豆油2605,225959,8640.000,8654.000,8590.000,0.000,8604.000,8608.000,8604.000,0.000,8728.000,2026-04-01 23:11:02,4
PG2605,液化石油气2605,225959,6168.000,6240.000,6112.000,0.000,6156.000,6170.000,6170.000,0.000,6341.000,2026-04-01 23:11:02,4
OI2605,菜油2605,230000,9735.000,9763.000,9724.000,0.000,9745.000,9747.000,9746.000,0.000,9855.000,2026-04-01 23:11:02,4
FU2605,燃料油2605,230000,4098.000,4123.000,4034.000,0.000,4092.000,4094.000,4092.000,0.000,4231.000,2026-04-01 23:11:02,4
M2605,豆粕2605,230000,2875.000,2877.000,2856.000,0.000,2864.000,2865.000,2865.000,0.000,2899.000,2026-04-01 23:11:02,4
I2605,铁矿石2605,230000,812.000,813.000,793.500,0.000,797.000,798.000,797.500,0.000,815.500,2026-04-01 23:11:02,4
SI2605,工业硅2605,150140,8355.000,8455.000,8300.000,8325.000,8320.000,8325.000,8325.000,8370.000,8390.000,2026-04-01 23:11:02,4
SH2605,烧碱2605,230000,2260.000,2289.000,2234.000,0.000,2249.000,2250.000,2249.000,0.000,2312.000,2026-04-01 23:11:02,4
AO2605,氧化铝2605,231102,2762.000,2773.000,2751.000,0.000,2767.000,2768.000,2767.000,0.000,2803.000,2026-04-01 23:11:02,4
AP2605,苹果2605,150000,9840.000,9963.000,9792.000,9860.000,9857.000,9858.000,9860.000,9901.000,9767.000,2026-04-01 23:11:02,4
FG2605,玻璃2605,230000,1003.000,1006.000,993.000,0.000,997.000,998.000,998.000,0.000,1009.000,2026-04-01 23:11:02,4
PX2605,对二甲苯2605,225959,9340.000,9422.000,9282.000,0.000,9316.000,9320.000,9316.000,0.000,9594.000,2026-04-01 23:11:02,4
C2605,玉米2605,230000,2350.000,2353.000,2345.000,0.000,2350.000,2351.000,2350.000,0.000,2359.000,2026-04-01 23:11:02,4
JD2605,鸡蛋2605,150414,3451.000,3458.000,3396.000,3415.000,3414.000,3415.000,3415.000,3430.000,3443.000,2026-04-01 23:11:02,4
SP2605,纸浆2605,230000,5080.000,5118.000,5070.000,0.000,5076.000,5078.000,5078.000,0.000,5104.000,2026-04-01 23:11:02,4
SA2605,纯碱2605,230000,1168.000,1176.000,1164.000,0.000,1167.000,1168.000,1167.000,0.000,1173.000,2026-04-01 23:11:02,4
SF2605,硅铁2605,150000,5884.000,5898.000,5810.000,5822.000,5822.000,5824.000,5822.000,5850.000,5954.000,2026-04-01 23:11:02,4
SR2605,白糖2605,230000,5360.000,5364.000,5340.000,0.000,5345.000,5346.000,5346.000,0.000,5386.000,2026-04-01 23:11:02,4
RB2605,螺纹钢2605,230000,3127.000,3127.000,3093.000,0.000,3095.000,3096.000,3096.000,0.000,3127.000,2026-04-01 23:11:02,4
UR2605,尿素2605,150000,1870.000,1870.000,1842.000,1851.000,1849.000,1850.000,1851.000,1857.000,1876.000,2026-04-01 23:11:02,4
NR2605,20号胶2605,230000,13665.000,13855.000,13665.000,0.000,13785.000,13790.000,13785.000,0.000,13825.000,2026-04-01 23:11:02,4
CJ2605,红枣2605,150000,8730.000,8765.000,8625.000,8635.000,8635.000,8640.000,8635.000,8695.000,8700.000,2026-04-01 23:11:02,4
ZN2605,沪锌2605,231102,23635.000,23905.000,23620.000,0.000,23865.000,23870.000,23865.000,0.000,23595.000,2026-04-01 23:11:02,4
RM2605,菜粕2605,230000,2264.000,2268.000,2249.000,0.000,2250.000,2251.000,2251.000,0.000,2282.000,2026-04-01 23:11:02,4
A2605,豆一2605,230000,4603.000,4616.000,4580.000,0.000,4611.000,4612.000,4612.000,0.000,4636.000,2026-04-01 23:11:02,4
HC2605,热轧卷板2605,230000,3290.000,3292.000,3263.000,0.000,3266.000,3267.000,3267.000,0.000,3295.000,2026-04-01 23:11:02,4
SS2605,不锈钢2605,231101,14180.000,14185.000,14080.000,0.000,14120.000,14130.000,14125.000,0.000,14215.000,2026-04-01 23:11:02,4
PF2606,短纤2606,225959,7970.000,8056.000,7962.000,0.000,7986.000,8010.000,8000.000,0.000,8156.000,2026-04-01 23:11:02,4
PK2605,花生2605,150000,8086.000,8100.000,8000.000,8012.000,8012.000,8014.000,8012.000,8054.000,8096.000,2026-04-01 23:11:02,4
T2606,108.370,108.405,108.200,108.210,96771,10479296.150,292887.000,0.000,0.000,110.545,106.215,2026-04-01 23:11:05,5
TL2606,111.600,111.600,111.220,111.370,78758,8769427.210,132018.000,0.000,0.000,115.480,107.680,2026-04-01 23:11:05,5
TS2606,102.526,102.548,102.492,102.496,48784,5001220.706,76314.000,0.000,0.000,103.044,102.020,2026-04-01 23:11:05,5
TF2606,106.075,106.115,105.965,105.975,83041,8805049.020,177618.000,0.000,0.000,107.355,104.815,2026-04-01 23:11:05,5
BR2605,丁二烯橡胶2605,230000,17030.000,17125.000,16770.000,0.000,16840.000,16845.000,16845.000,0.000,17545.000,2026-04-01 23:11:05,5
P2605,棕榈油2605,230000,9842.000,9850.000,9736.000,0.000,9760.000,9762.000,9760.000,0.000,10002.000,2026-04-01 23:11:05,5
RU2605,天然橡胶2605,230000,16465.000,16640.000,16465.000,0.000,16560.000,16570.000,16570.000,0.000,16665.000,2026-04-01 23:11:05,5
MA2605,甲醇2605,230000,3071.000,3120.000,3058.000,0.000,3091.000,3092.000,3092.000,0.000,3157.000,2026-04-01 23:11:05,5
JM2605,焦煤2605,230000,1120.000,1125.000,1110.000,0.000,1113.500,1114.000,1114.000,0.000,1136.000,2026-04-01 23:11:05,5
CF2605,棉花2605,225959,15250.000,15270.000,15215.000,0.000,15255.000,15260.000,15260.000,0.000,15380.000,2026-04-01 23:11:05,5
BU2606,沥青2606,230000,4350.000,4357.000,4272.000,0.000,4303.000,4304.000,4304.000,0.000,4432.000,2026-04-01 23:11:05,5
AL2605,铝2605,231105,24830.000,24970.000,24775.000,0.000,24920.000,24925.000,24920.000,0.000,24850.000,2026-04-01 23:11:05,5
EG2605,乙二醇2605,230000,4911.000,4965.000,4863.000,0.000,4879.000,4880.000,4879.000,0.000,5125.000,2026-04-01 23:11:05,5
PP2605,聚丙烯2605,230000,8885.000,8959.000,8828.000,0.000,8907.000,8908.000,8907.000,0.000,9015.000,2026-04-01 23:11:05,5
TA2605,PTA2605,230000,6458.000,6544.000,6454.000,0.000,6510.000,6512.000,6510.000,0.000,6634.000,2026-04-01 23:11:05,5
NI2605,镍2605,231104,135100.000,135110.000,133720.000,0.000,134360.000,134370.000,134370.000,0.000,135050.000,2026-04-01 23:11:05,5
V2605,PVC2605,230000,5301.000,5338.000,5269.000,0.000,5323.000,5324.000,5323.000,0.000,5358.000,2026-04-01 23:11:05,5
EB2605,苯乙烯2605,225959,10016.000,10056.000,9830.000,0.000,9934.000,9935.000,9934.000,0.000,10288.000,2026-04-01 23:11:05,5
L2605,塑料2605,230000,8493.000,8508.000,8406.000,0.000,8463.000,8464.000,8464.000,0.000,8559.000,2026-04-01 23:11:05,5
SM2605,锰硅2605,150000,6434.000,6444.000,6316.000,6380.000,6376.000,6382.000,6380.000,6388.000,6514.000,2026-04-01 23:11:05,5
Y2605,豆油2605,225959,8640.000,8654.000,8590.000,0.000,8604.000,8608.000,8604.000,0.000,8728.000,2026-04-01 23:11:05,5
PG2605,液化石油气2605,225959,6168.000,6240.000,6112.000,0.000,6156.000,6170.000,6170.000,0.000,6341.000,2026-04-01 23:11:05,5
OI2605,菜油2605,230000,9735.000,9763.000,9724.000,0.000,9745.000,9747.000,9746.000,0.000,9855.000,2026-04-01 23:11:05,5
FU2605,燃料油2605,230000,4098.000,4123.000,4034.000,0.000,4092.000,4094.000,4092.000,0.000,4231.000,2026-04-01 23:11:05,5
M2605,豆粕2605,230000,2875.000,2877.000,2856.000,0.000,2864.000,2865.000,2865.000,0.000,2899.000,2026-04-01 23:11:05,5
I2605,铁矿石2605,230000,812.000,813.000,793.500,0.000,797.000,798.000,797.500,0.000,815.500,2026-04-01 23:11:05,5
SI2605,工业硅2605,150140,8355.000,8455.000,8300.000,8325.000,8320.000,8325.000,8325.000,8370.000,8390.000,2026-04-01 23:11:05,5
SH2605,烧碱2605,230000,2260.000,2289.000,2234.000,0.000,2249.000,2250.000,2249.000,0.000,2312.000,2026-04-01 23:11:05,5
AO2605,氧化铝2605,231105,2762.000,2773.000,2751.000,0.000,2767.000,2768.000,2768.000,0.000,2803.000,2026-04-01 23:11:05,5
AP2605,苹果2605,150000,9840.000,9963.000,9792.000,9860.000,9857.000,9858.000,9860.000,9901.000,9767.000,2026-04-01 23:11:05,5
FG2605,玻璃2605,230000,1003.000,1006.000,993.000,0.000,997.000,998.000,998.000,0.000,1009.000,2026-04-01 23:11:05,5
PX2605,对二甲苯2605,225959,9340.000,9422.000,9282.000,0.000,9316.000,9320.000,9316.000,0.000,9594.000,2026-04-01 23:11:05,5
C2605,玉米2605,230000,2350.000,2353.000,2345.000,0.000,2350.000,2351.000,2350.000,0.000,2359.000,2026-04-01 23:11:05,5
JD2605,鸡蛋2605,150414,3451.000,3458.000,3396.000,3415.000,3414.000,3415.000,3415.000,3430.000,3443.000,2026-04-01 23:11:05,5
SP2605,纸浆2605,230000,5080.000,5118.000,5070.000,0.000,5076.000,5078.000,5078.000,0.000,5104.000,2026-04-01 23:11:05,5
SA2605,纯碱2605,230000,1168.000,1176.000,1164.000,0.000,1167.000,1168.000,1167.000,0.000,1173.000,2026-04-01 23:11:05,5
SF2605,硅铁2605,150000,5884.000,5898.000,5810.000,5822.000,5822.000,5824.000,5822.000,5850.000,5954.000,2026-04-01 23:11:05,5
SR2605,白糖2605,230000,5360.000,5364.000,5340.000,0.000,5345.000,5346.000,5346.000,0.000,5386.000,2026-04-01 23:11:05,5
RB2605,螺纹钢2605,230000,3127.000,3127.000,3093.000,0.000,3095.000,3096.000,3096.000,0.000,3127.000,2026-04-01 23:11:05,5
UR2605,尿素2605,150000,1870.000,1870.000,1842.000,1851.000,1849.000,1850.000,1851.000,1857.000,1876.000,2026-04-01 23:11:05,5
NR2605,20号胶2605,230000,13665.000,13855.000,13665.000,0.000,13785.000,13790.000,13785.000,0.000,13825.000,2026-04-01 23:11:05,5
CJ2605,红枣2605,150000,8730.000,8765.000,8625.000,8635.000,8635.000,8640.000,8635.000,8695.000,8700.000,2026-04-01 23:11:05,5
ZN2605,沪锌2605,231104,23635.000,23905.000,23620.000,0.000,23865.000,23870.000,23870.000,0.000,23595.000,2026-04-01 23:11:05,5
RM2605,菜粕2605,230000,2264.000,2268.000,2249.000,0.000,2250.000,2251.000,2251.000,0.000,2282.000,2026-04-01 23:11:05,5
A2605,豆一2605,230000,4603.000,4616.000,4580.000,0.000,4611.000,4612.000,4612.000,0.000,4636.000,2026-04-01 23:11:05,5
HC2605,热轧卷板2605,230000,3290.000,3292.000,3263.000,0.000,3266.000,3267.000,3267.000,0.000,3295.000,2026-04-01 23:11:05,5
SS2605,不锈钢2605,231104,14180.000,14185.000,14080.000,0.000,14125.000,14130.000,14125.000,0.000,14215.000,2026-04-01 23:11:05,5
PF2606,短纤2606,225959,7970.000,8056.000,7962.000,0.000,7986.000,8010.000,8000.000,0.000,8156.000,2026-04-01 23:11:05,5
PK2605,花生2605,150000,8086.000,8100.000,8000.000,8012.000,8012.000,8014.000,8012.000,8054.000,8096.000,2026-04-01 23:11:05,5
T2606,108.370,108.405,108.200,108.210,96771,10479296.150,292887.000,0.000,0.000,110.545,106.215,2026-04-01 23:11:05,6
TL2606,111.600,111.600,111.220,111.370,78758,8769427.210,132018.000,0.000,0.000,115.480,107.680,2026-04-01 23:11:05,6
TS2606,102.526,102.548,102.492,102.496,48784,5001220.706,76314.000,0.000,0.000,103.044,102.020,2026-04-01 23:11:05,6
TF2606,106.075,106.115,105.965,105.975,83041,8805049.020,177618.000,0.000,0.000,107.355,104.815,2026-04-01 23:11:05,6
BR2605,丁二烯橡胶2605,230000,17030.000,17125.000,16770.000,0.000,16840.000,16845.000,16845.000,0.000,17545.000,2026-04-01 23:11:05,6
P2605,棕榈油2605,230000,9842.000,9850.000,9736.000,0.000,9760.000,9762.000,9760.000,0.000,10002.000,2026-04-01 23:11:05,6
RU2605,天然橡胶2605,230000,16465.000,16640.000,16465.000,0.000,16560.000,16570.000,16570.000,0.000,16665.000,2026-04-01 23:11:05,6
MA2605,甲醇2605,230000,3071.000,3120.000,3058.000,0.000,3091.000,3092.000,3092.000,0.000,3157.000,2026-04-01 23:11:05,6
JM2605,焦煤2605,230000,1120.000,1125.000,1110.000,0.000,1113.500,1114.000,1114.000,0.000,1136.000,2026-04-01 23:11:05,6
CF2605,棉花2605,225959,15250.000,15270.000,15215.000,0.000,15255.000,15260.000,15260.000,0.000,15380.000,2026-04-01 23:11:05,6
BU2606,沥青2606,230000,4350.000,4357.000,4272.000,0.000,4303.000,4304.000,4304.000,0.000,4432.000,2026-04-01 23:11:05,6
AL2605,铝2605,231105,24830.000,24970.000,24775.000,0.000,24920.000,24925.000,24920.000,0.000,24850.000,2026-04-01 23:11:05,6
EG2605,乙二醇2605,230000,4911.000,4965.000,4863.000,0.000,4879.000,4880.000,4879.000,0.000,5125.000,2026-04-01 23:11:05,6
PP2605,聚丙烯2605,230000,8885.000,8959.000,8828.000,0.000,8907.000,8908.000,8907.000,0.000,9015.000,2026-04-01 23:11:05,6
TA2605,PTA2605,230000,6458.000,6544.000,6454.000,0.000,6510.000,6512.000,6510.000,0.000,6634.000,2026-04-01 23:11:05,6
NI2605,镍2605,231104,135100.000,135110.000,133720.000,0.000,134360.000,134370.000,134370.000,0.000,135050.000,2026-04-01 23:11:05,6
V2605,PVC2605,230000,5301.000,5338.000,5269.000,0.000,5323.000,5324.000,5323.000,0.000,5358.000,2026-04-01 23:11:05,6
EB2605,苯乙烯2605,225959,10016.000,10056.000,9830.000,0.000,9934.000,9935.000,9934.000,0.000,10288.000,2026-04-01 23:11:05,6
L2605,塑料2605,230000,8493.000,8508.000,8406.000,0.000,8463.000,8464.000,8464.000,0.000,8559.000,2026-04-01 23:11:05,6
SM2605,锰硅2605,150000,6434.000,6444.000,6316.000,6380.000,6376.000,6382.000,6380.000,6388.000,6514.000,2026-04-01 23:11:05,6
Y2605,豆油2605,225959,8640.000,8654.000,8590.000,0.000,8604.000,8608.000,8604.000,0.000,8728.000,2026-04-01 23:11:05,6
PG2605,液化石油气2605,225959,6168.000,6240.000,6112.000,0.000,6156.000,6170.000,6170.000,0.000,6341.000,2026-04-01 23:11:05,6
OI2605,菜油2605,230000,9735.000,9763.000,9724.000,0.000,9745.000,9747.000,9746.000,0.000,9855.000,2026-04-01 23:11:05,6
FU2605,燃料油2605,230000,4098.000,4123.000,4034.000,0.000,4092.000,4094.000,4092.000,0.000,4231.000,2026-04-01 23:11:05,6
M2605,豆粕2605,230000,2875.000,2877.000,2856.000,0.000,2864.000,2865.000,2865.000,0.000,2899.000,2026-04-01 23:11:05,6
I2605,铁矿石2605,230000,812.000,813.000,793.500,0.000,797.000,798.000,797.500,0.000,815.500,2026-04-01 23:11:05,6
SI2605,工业硅2605,150140,8355.000,8455.000,8300.000,8325.000,8320.000,8325.000,8325.000,8370.000,8390.000,2026-04-01 23:11:05,6
SH2605,烧碱2605,230000,2260.000,2289.000,2234.000,0.000,2249.000,2250.000,2249.000,0.000,2312.000,2026-04-01 23:11:05,6
AO2605,氧化铝2605,231105,2762.000,2773.000,2751.000,0.000,2767.000,2768.000,2768.000,0.000,2803.000,2026-04-01 23:11:05,6
AP2605,苹果2605,150000,9840.000,9963.000,9792.000,9860.000,9857.000,9858.000,9860.000,9901.000,9767.000,2026-04-01 23:11:05,6
FG2605,玻璃2605,230000,1003.000,1006.000,993.000,0.000,997.000,998.000,998.000,0.000,1009.000,2026-04-01 23:11:05,6
PX2605,对二甲苯2605,225959,9340.000,9422.000,9282.000,0.000,9316.000,9320.000,9316.000,0.000,9594.000,2026-04-01 23:11:05,6
C2605,玉米2605,230000,2350.000,2353.000,2345.000,0.000,2350.000,2351.000,2350.000,0.000,2359.000,2026-04-01 23:11:05,6
JD2605,鸡蛋2605,150414,3451.000,3458.000,3396.000,3415.000,3414.000,3415.000,3415.000,3430.000,3443.000,2026-04-01 23:11:05,6
SP2605,纸浆2605,230000,5080.000,5118.000,5070.000,0.000,5076.000,5078.000,5078.000,0.000,5104.000,2026-04-01 23:11:05,6
SA2605,纯碱2605,230000,1168.000,1176.000,1164.000,0.000,1167.000,1168.000,1167.000,0.000,1173.000,2026-04-01 23:11:05,6
SF2605,硅铁2605,150000,5884.000,5898.000,5810.000,5822.000,5822.000,5824.000,5822.000,5850.000,5954.000,2026-04-01 23:11:05,6
SR2605,白糖2605,230000,5360.000,5364.000,5340.000,0.000,5345.000,5346.000,5346.000,0.000,5386.000,2026-04-01 23:11:05,6
RB2605,螺纹钢2605,230000,3127.000,3127.000,3093.000,0.000,3095.000,3096.000,3096.000,0.000,3127.000,2026-04-01 23:11:05,6
UR2605,尿素2605,150000,1870.000,1870.000,1842.000,1851.000,1849.000,1850.000,1851.000,1857.000,1876.000,2026-04-01 23:11:05,6
NR2605,20号胶2605,230000,13665.000,13855.000,13665.000,0.000,13785.000,13790.000,13785.000,0.000,13825.000,2026-04-01 23:11:05,6
CJ2605,红枣2605,150000,8730.000,8765.000,8625.000,8635.000,8635.000,8640.000,8635.000,8695.000,8700.000,2026-04-01 23:11:05,6
ZN2605,沪锌2605,231104,23635.000,23905.000,23620.000,0.000,23865.000,23870.000,23870.000,0.000,23595.000,2026-04-01 23:11:05,6
RM2605,菜粕2605,230000,2264.000,2268.000,2249.000,0.000,2250.000,2251.000,2251.000,0.000,2282.000,2026-04-01 23:11:05,6
A2605,豆一2605,230000,4603.000,4616.000,4580.000,0.000,4611.000,4612.000,4612.000,0.000,4636.000,2026-04-01 23:11:05,6
HC2605,热轧卷板2605,230000,3290.000,3292.000,3263.000,0.000,3266.000,3267.000,3267.000,0.000,3295.000,2026-04-01 23:11:05,6
SS2605,不锈钢2605,231104,14180.000,14185.000,14080.000,0.000,14125.000,14130.000,14125.000,0.000,14215.000,2026-04-01 23:11:05,6
PF2606,短纤2606,225959,7970.000,8056.000,7962.000,0.000,7986.000,8010.000,8000.000,0.000,8156.000,2026-04-01 23:11:05,6
PK2605,花生2605,150000,8086.000,8100.000,8000.000,8012.000,8012.000,8014.000,8012.000,8054.000,8096.000,2026-04-01 23:11:05,6
T2606,108.370,108.405,108.200,108.210,96771,10479296.150,292887.000,0.000,0.000,110.545,106.215,2026-04-01 23:11:08,7
TL2606,111.600,111.600,111.220,111.370,78758,8769427.210,132018.000,0.000,0.000,115.480,107.680,2026-04-01 23:11:08,7
TS2606,102.526,102.548,102.492,102.496,48784,5001220.706,76314.000,0.000,0.000,103.044,102.020,2026-04-01 23:11:08,7
TF2606,106.075,106.115,105.965,105.975,83041,8805049.020,177618.000,0.000,0.000,107.355,104.815,2026-04-01 23:11:08,7
BR2605,丁二烯橡胶2605,230000,17030.000,17125.000,16770.000,0.000,16840.000,16845.000,16845.000,0.000,17545.000,2026-04-01 23:11:08,7
P2605,棕榈油2605,230000,9842.000,9850.000,9736.000,0.000,9760.000,9762.000,9760.000,0.000,10002.000,2026-04-01 23:11:08,7
RU2605,天然橡胶2605,230000,16465.000,16640.000,16465.000,0.000,16560.000,16570.000,16570.000,0.000,16665.000,2026-04-01 23:11:08,7
MA2605,甲醇2605,230000,3071.000,3120.000,3058.000,0.000,3091.000,3092.000,3092.000,0.000,3157.000,2026-04-01 23:11:08,7
JM2605,焦煤2605,230000,1120.000,1125.000,1110.000,0.000,1113.500,1114.000,1114.000,0.000,1136.000,2026-04-01 23:11:08,7
CF2605,棉花2605,225959,15250.000,15270.000,15215.000,0.000,15255.000,15260.000,15260.000,0.000,15380.000,2026-04-01 23:11:08,7
BU2606,沥青2606,230000,4350.000,4357.000,4272.000,0.000,4303.000,4304.000,4304.000,0.000,4432.000,2026-04-01 23:11:08,7
AL2605,铝2605,231107,24830.000,24970.000,24775.000,0.000,24920.000,24925.000,24920.000,0.000,24850.000,2026-04-01 23:11:08,7
EG2605,乙二醇2605,230000,4911.000,4965.000,4863.000,0.000,4879.000,4880.000,4879.000,0.000,5125.000,2026-04-01 23:11:08,7
PP2605,聚丙烯2605,230000,8885.000,8959.000,8828.000,0.000,8907.000,8908.000,8907.000,0.000,9015.000,2026-04-01 23:11:08,7
TA2605,PTA2605,230000,6458.000,6544.000,6454.000,0.000,6510.000,6512.000,6510.000,0.000,6634.000,2026-04-01 23:11:08,7
NI2605,镍2605,231107,135100.000,135110.000,133720.000,0.000,134390.000,134400.000,134390.000,0.000,135050.000,2026-04-01 23:11:08,7
V2605,PVC2605,230000,5301.000,5338.000,5269.000,0.000,5323.000,5324.000,5323.000,0.000,5358.000,2026-04-01 23:11:08,7
EB2605,苯乙烯2605,225959,10016.000,10056.000,9830.000,0.000,9934.000,9935.000,9934.000,0.000,10288.000,2026-04-01 23:11:08,7
L2605,塑料2605,230000,8493.000,8508.000,8406.000,0.000,8463.000,8464.000,8464.000,0.000,8559.000,2026-04-01 23:11:08,7
SM2605,锰硅2605,150000,6434.000,6444.000,6316.000,6380.000,6376.000,6382.000,6380.000,6388.000,6514.000,2026-04-01 23:11:08,7
Y2605,豆油2605,225959,8640.000,8654.000,8590.000,0.000,8604.000,8608.000,8604.000,0.000,8728.000,2026-04-01 23:11:08,7
PG2605,液化石油气2605,225959,6168.000,6240.000,6112.000,0.000,6156.000,6170.000,6170.000,0.000,6341.000,2026-04-01 23:11:08,7
OI2605,菜油2605,230000,9735.000,9763.000,9724.000,0.000,9745.000,9747.000,9746.000,0.000,9855.000,2026-04-01 23:11:08,7
FU2605,燃料油2605,230000,4098.000,4123.000,4034.000,0.000,4092.000,4094.000,4092.000,0.000,4231.000,2026-04-01 23:11:08,7
M2605,豆粕2605,230000,2875.000,2877.000,2856.000,0.000,2864.000,2865.000,2865.000,0.000,2899.000,2026-04-01 23:11:08,7
I2605,铁矿石2605,230000,812.000,813.000,793.500,0.000,797.000,798.000,797.500,0.000,815.500,2026-04-01 23:11:08,7
SI2605,工业硅2605,150140,8355.000,8455.000,8300.000,8325.000,8320.000,8325.000,8325.000,8370.000,8390.000,2026-04-01 23:11:08,7
SH2605,烧碱2605,230000,2260.000,2289.000,2234.000,0.000,2249.000,2250.000,2249.000,0.000,2312.000,2026-04-01 23:11:08,7
AO2605,氧化铝2605,231107,2762.000,2773.000,2751.000,0.000,2767.000,2768.000,2767.000,0.000,2803.000,2026-04-01 23:11:08,7
AP2605,苹果2605,150000,9840.000,9963.000,9792.000,9860.000,9857.000,9858.000,9860.000,9901.000,9767.000,2026-04-01 23:11:08,7
FG2605,玻璃2605,230000,1003.000,1006.000,993.000,0.000,997.000,998.000,998.000,0.000,1009.000,2026-04-01 23:11:08,7
PX2605,对二甲苯2605,225959,9340.000,9422.000,9282.000,0.000,9316.000,9320.000,9316.000,0.000,9594.000,2026-04-01 23:11:08,7
C2605,玉米2605,230000,2350.000,2353.000,2345.000,0.000,2350.000,2351.000,2350.000,0.000,2359.000,2026-04-01 23:11:08,7
JD2605,鸡蛋2605,150414,3451.000,3458.000,3396.000,3415.000,3414.000,3415.000,3415.000,3430.000,3443.000,2026-04-01 23:11:08,7
SP2605,纸浆2605,230000,5080.000,5118.000,5070.000,0.000,5076.000,5078.000,5078.000,0.000,5104.000,2026-04-01 23:11:08,7
SA2605,纯碱2605,230000,1168.000,1176.000,1164.000,0.000,1167.000,1168.000,1167.000,0.000,1173.000,2026-04-01 23:11:08,7
SF2605,硅铁2605,150000,5884.000,5898.000,5810.000,5822.000,5822.000,5824.000,5822.000,5850.000,5954.000,2026-04-01 23:11:08,7
SR2605,白糖2605,230000,5360.000,5364.000,5340.000,0.000,5345.000,5346.000,5346.000,0.000,5386.000,2026-04-01 23:11:08,7
RB2605,螺纹钢2605,230000,3127.000,3127.000,3093.000,0.000,3095.000,3096.000,3096.000,0.000,3127.000,2026-04-01 23:11:08,7
UR2605,尿素2605,150000,1870.000,1870.000,1842.000,1851.000,1849.000,1850.000,1851.000,1857.000,1876.000,2026-04-01 23:11:08,7
NR2605,20号胶2605,230000,13665.000,13855.000,13665.000,0.000,13785.000,13790.000,13785.000,0.000,13825.000,2026-04-01 23:11:08,7
CJ2605,红枣2605,150000,8730.000,8765.000,8625.000,8635.000,8635.000,8640.000,8635.000,8695.000,8700.000,2026-04-01 23:11:08,7
ZN2605,沪锌2605,231107,23635.000,23905.000,23620.000,0.000,23875.000,23880.000,23875.000,0.000,23595.000,2026-04-01 23:11:08,7
RM2605,菜粕2605,230000,2264.000,2268.000,2249.000,0.000,2250.000,2251.000,2251.000,0.000,2282.000,2026-04-01 23:11:08,7
A2605,豆一2605,230000,4603.000,4616.000,4580.000,0.000,4611.000,4612.000,4612.000,0.000,4636.000,2026-04-01 23:11:08,7
HC2605,热轧卷板2605,230000,3290.000,3292.000,3263.000,0.000,3266.000,3267.000,3267.000,0.000,3295.000,2026-04-01 23:11:08,7
SS2605,不锈钢2605,231107,14180.000,14185.000,14080.000,0.000,14125.000,14130.000,14125.000,0.000,14215.000,2026-04-01 23:11:08,7
PF2606,短纤2606,225959,7970.000,8056.000,7962.000,0.000,7986.000,8010.000,8000.000,0.000,8156.000,2026-04-01 23:11:08,7
PK2605,花生2605,150000,8086.000,8100.000,8000.000,8012.000,8012.000,8014.000,8012.000,8054.000,8096.000,2026-04-01 23:11:08,7
T2606,108.370,108.405,108.200,108.210,96771,10479296.150,292887.000,0.000,0.000,110.545,106.215,2026-04-01 23:11:08,8
TL2606,111.600,111.600,111.220,111.370,78758,8769427.210,132018.000,0.000,0.000,115.480,107.680,2026-04-01 23:11:08,8
TS2606,102.526,102.548,102.492,102.496,48784,5001220.706,76314.000,0.000,0.000,103.044,102.020,2026-04-01 23:11:08,8
TF2606,106.075,106.115,105.965,105.975,83041,8805049.020,177618.000,0.000,0.000,107.355,104.815,2026-04-01 23:11:08,8
BR2605,丁二烯橡胶2605,230000,17030.000,17125.000,16770.000,0.000,16840.000,16845.000,16845.000,0.000,17545.000,2026-04-01 23:11:08,8
P2605,棕榈油2605,230000,9842.000,9850.000,9736.000,0.000,9760.000,9762.000,9760.000,0.000,10002.000,2026-04-01 23:11:08,8
RU2605,天然橡胶2605,230000,16465.000,16640.000,16465.000,0.000,16560.000,16570.000,16570.000,0.000,16665.000,2026-04-01 23:11:08,8
MA2605,甲醇2605,230000,3071.000,3120.000,3058.000,0.000,3091.000,3092.000,3092.000,0.000,3157.000,2026-04-01 23:11:08,8
JM2605,焦煤2605,230000,1120.000,1125.000,1110.000,0.000,1113.500,1114.000,1114.000,0.000,1136.000,2026-04-01 23:11:08,8
CF2605,棉花2605,225959,15250.000,15270.000,15215.000,0.000,15255.000,15260.000,15260.000,0.000,15380.000,2026-04-01 23:11:08,8
BU2606,沥青2606,230000,4350.000,4357.000,4272.000,0.000,4303.000,4304.000,4304.000,0.000,4432.000,2026-04-01 23:11:08,8
AL2605,铝2605,231107,24830.000,24970.000,24775.000,0.000,24920.000,24925.000,24920.000,0.000,24850.000,2026-04-01 23:11:08,8
EG2605,乙二醇2605,230000,4911.000,4965.000,4863.000,0.000,4879.000,4880.000,4879.000,0.000,5125.000,2026-04-01 23:11:08,8
PP2605,聚丙烯2605,230000,8885.000,8959.000,8828.000,0.000,8907.000,8908.000,8907.000,0.000,9015.000,2026-04-01 23:11:08,8
TA2605,PTA2605,230000,6458.000,6544.000,6454.000,0.000,6510.000,6512.000,6510.000,0.000,6634.000,2026-04-01 23:11:08,8
NI2605,镍2605,231107,135100.000,135110.000,133720.000,0.000,134390.000,134400.000,134390.000,0.000,135050.000,2026-04-01 23:11:08,8
V2605,PVC2605,230000,5301.000,5338.000,5269.000,0.000,5323.000,5324.000,5323.000,0.000,5358.000,2026-04-01 23:11:08,8
EB2605,苯乙烯2605,225959,10016.000,10056.000,9830.000,0.000,9934.000,9935.000,9934.000,0.000,10288.000,2026-04-01 23:11:08,8
L2605,塑料2605,230000,8493.000,8508.000,8406.000,0.000,8463.000,8464.000,8464.000,0.000,8559.000,2026-04-01 23:11:08,8
SM2605,锰硅2605,150000,6434.000,6444.000,6316.000,6380.000,6376.000,6382.000,6380.000,6388.000,6514.000,2026-04-01 23:11:08,8
Y2605,豆油2605,225959,8640.000,8654.000,8590.000,0.000,8604.000,8608.000,8604.000,0.000,8728.000,2026-04-01 23:11:08,8
PG2605,液化石油气2605,225959,6168.000,6240.000,6112.000,0.000,6156.000,6170.000,6170.000,0.000,6341.000,2026-04-01 23:11:08,8
OI2605,菜油2605,230000,9735.000,9763.000,9724.000,0.000,9745.000,9747.000,9746.000,0.000,9855.000,2026-04-01 23:11:08,8
FU2605,燃料油2605,230000,4098.000,4123.000,4034.000,0.000,4092.000,4094.000,4092.000,0.000,4231.000,2026-04-01 23:11:08,8
M2605,豆粕2605,230000,2875.000,2877.000,2856.000,0.000,2864.000,2865.000,2865.000,0.000,2899.000,2026-04-01 23:11:08,8
I2605,铁矿石2605,230000,812.000,813.000,793.500,0.000,797.000,798.000,797.500,0.000,815.500,2026-04-01 23:11:08,8
SI2605,工业硅2605,150140,8355.000,8455.000,8300.000,8325.000,8320.000,8325.000,8325.000,8370.000,8390.000,2026-04-01 23:11:08,8
SH2605,烧碱2605,230000,2260.000,2289.000,2234.000,0.000,2249.000,2250.000,2249.000,0.000,2312.000,2026-04-01 23:11:08,8
AO2605,氧化铝2605,231107,2762.000,2773.000,2751.000,0.000,2767.000,2768.000,2767.000,0.000,2803.000,2026-04-01 23:11:08,8
AP2605,苹果2605,150000,9840.000,9963.000,9792.000,9860.000,9857.000,9858.000,9860.000,9901.000,9767.000,2026-04-01 23:11:08,8
FG2605,玻璃2605,230000,1003.000,1006.000,993.000,0.000,997.000,998.000,998.000,0.000,1009.000,2026-04-01 23:11:08,8
PX2605,对二甲苯2605,225959,9340.000,9422.000,9282.000,0.000,9316.000,9320.000,9316.000,0.000,9594.000,2026-04-01 23:11:08,8
C2605,玉米2605,230000,2350.000,2353.000,2345.000,0.000,2350.000,2351.000,2350.000,0.000,2359.000,2026-04-01 23:11:08,8
JD2605,鸡蛋2605,150414,3451.000,3458.000,3396.000,3415.000,3414.000,3415.000,3415.000,3430.000,3443.000,2026-04-01 23:11:08,8
SP2605,纸浆2605,230000,5080.000,5118.000,5070.000,0.000,5076.000,5078.000,5078.000,0.000,5104.000,2026-04-01 23:11:08,8
SA2605,纯碱2605,230000,1168.000,1176.000,1164.000,0.000,1167.000,1168.000,1167.000,0.000,1173.000,2026-04-01 23:11:08,8
SF2605,硅铁2605,150000,5884.000,5898.000,5810.000,5822.000,5822.000,5824.000,5822.000,5850.000,5954.000,2026-04-01 23:11:08,8
SR2605,白糖2605,230000,5360.000,5364.000,5340.000,0.000,5345.000,5346.000,5346.000,0.000,5386.000,2026-04-01 23:11:08,8
RB2605,螺纹钢2605,230000,3127.000,3127.000,3093.000,0.000,3095.000,3096.000,3096.000,0.000,3127.000,2026-04-01 23:11:08,8
UR2605,尿素2605,150000,1870.000,1870.000,1842.000,1851.000,1849.000,1850.000,1851.000,1857.000,1876.000,2026-04-01 23:11:08,8
NR2605,20号胶2605,230000,13665.000,13855.000,13665.000,0.000,13785.000,13790.000,13785.000,0.000,13825.000,2026-04-01 23:11:08,8
CJ2605,红枣2605,150000,8730.000,8765.000,8625.000,8635.000,8635.000,8640.000,8635.000,8695.000,8700.000,2026-04-01 23:11:08,8
ZN2605,沪锌2605,231107,23635.000,23905.000,23620.000,0.000,23875.000,23880.000,23875.000,0.000,23595.000,2026-04-01 23:11:08,8
RM2605,菜粕2605,230000,2264.000,2268.000,2249.000,0.000,2250.000,2251.000,2251.000,0.000,2282.000,2026-04-01 23:11:08,8
A2605,豆一2605,230000,4603.000,4616.000,4580.000,0.000,4611.000,4612.000,4612.000,0.000,4636.000,2026-04-01 23:11:08,8
HC2605,热轧卷板2605,230000,3290.000,3292.000,3263.000,0.000,3266.000,3267.000,3267.000,0.000,3295.000,2026-04-01 23:11:08,8
SS2605,不锈钢2605,231107,14180.000,14185.000,14080.000,0.000,14125.000,14130.000,14125.000,0.000,14215.000,2026-04-01 23:11:08,8
PF2606,短纤2606,225959,7970.000,8056.000,7962.000,0.000,7986.000,8010.000,8000.000,0.000,8156.000,2026-04-01 23:11:08,8
PK2605,花生2605,150000,8086.000,8100.000,8000.000,8012.000,8012.000,8014.000,8012.000,8054.000,8096.000,2026-04-01 23:11:08,8
T2606,108.370,108.405,108.200,108.210,96771,10479296.150,292887.000,0.000,0.000,110.545,106.215,2026-04-01 23:11:11,9
TL2606,111.600,111.600,111.220,111.370,78758,8769427.210,132018.000,0.000,0.000,115.480,107.680,2026-04-01 23:11:11,9
TS2606,102.526,102.548,102.492,102.496,48784,5001220.706,76314.000,0.000,0.000,103.044,102.020,2026-04-01 23:11:11,9
TF2606,106.075,106.115,105.965,105.975,83041,8805049.020,177618.000,0.000,0.000,107.355,104.815,2026-04-01 23:11:11,9
BR2605,丁二烯橡胶2605,230000,17030.000,17125.000,16770.000,0.000,16840.000,16845.000,16845.000,0.000,17545.000,2026-04-01 23:11:11,9
P2605,棕榈油2605,230000,9842.000,9850.000,9736.000,0.000,9760.000,9762.000,9760.000,0.000,10002.000,2026-04-01 23:11:11,9
RU2605,天然橡胶2605,230000,16465.000,16640.000,16465.000,0.000,16560.000,16570.000,16570.000,0.000,16665.000,2026-04-01 23:11:11,9
MA2605,甲醇2605,230000,3071.000,3120.000,3058.000,0.000,3091.000,3092.000,3092.000,0.000,3157.000,2026-04-01 23:11:11,9
JM2605,焦煤2605,230000,1120.000,1125.000,1110.000,0.000,1113.500,1114.000,1114.000,0.000,1136.000,2026-04-01 23:11:11,9
CF2605,棉花2605,225959,15250.000,15270.000,15215.000,0.000,15255.000,15260.000,15260.000,0.000,15380.000,2026-04-01 23:11:11,9
BU2606,沥青2606,230000,4350.000,4357.000,4272.000,0.000,4303.000,4304.000,4304.000,0.000,4432.000,2026-04-01 23:11:11,9
AL2605,铝2605,231111,24830.000,24970.000,24775.000,0.000,24915.000,24920.000,24915.000,0.000,24850.000,2026-04-01 23:11:11,9
EG2605,乙二醇2605,230000,4911.000,4965.000,4863.000,0.000,4879.000,4880.000,4879.000,0.000,5125.000,2026-04-01 23:11:11,9
PP2605,聚丙烯2605,230000,8885.000,8959.000,8828.000,0.000,8907.000,8908.000,8907.000,0.000,9015.000,2026-04-01 23:11:11,9
TA2605,PTA2605,230000,6458.000,6544.000,6454.000,0.000,6510.000,6512.000,6510.000,0.000,6634.000,2026-04-01 23:11:11,9
NI2605,镍2605,231110,135100.000,135110.000,133720.000,0.000,134370.000,134390.000,134390.000,0.000,135050.000,2026-04-01 23:11:11,9
V2605,PVC2605,230000,5301.000,5338.000,5269.000,0.000,5323.000,5324.000,5323.000,0.000,5358.000,2026-04-01 23:11:11,9
EB2605,苯乙烯2605,225959,10016.000,10056.000,9830.000,0.000,9934.000,9935.000,9934.000,0.000,10288.000,2026-04-01 23:11:11,9
L2605,塑料2605,230000,8493.000,8508.000,8406.000,0.000,8463.000,8464.000,8464.000,0.000,8559.000,2026-04-01 23:11:11,9
SM2605,锰硅2605,150000,6434.000,6444.000,6316.000,6380.000,6376.000,6382.000,6380.000,6388.000,6514.000,2026-04-01 23:11:11,9
Y2605,豆油2605,225959,8640.000,8654.000,8590.000,0.000,8604.000,8608.000,8604.000,0.000,8728.000,2026-04-01 23:11:11,9
PG2605,液化石油气2605,225959,6168.000,6240.000,6112.000,0.000,6156.000,6170.000,6170.000,0.000,6341.000,2026-04-01 23:11:11,9
OI2605,菜油2605,230000,9735.000,9763.000,9724.000,0.000,9745.000,9747.000,9746.000,0.000,9855.000,2026-04-01 23:11:11,9
FU2605,燃料油2605,230000,4098.000,4123.000,4034.000,0.000,4092.000,4094.000,4092.000,0.000,4231.000,2026-04-01 23:11:11,9
M2605,豆粕2605,230000,2875.000,2877.000,2856.000,0.000,2864.000,2865.000,2865.000,0.000,2899.000,2026-04-01 23:11:11,9
I2605,铁矿石2605,230000,812.000,813.000,793.500,0.000,797.000,798.000,797.500,0.000,815.500,2026-04-01 23:11:11,9
SI2605,工业硅2605,150140,8355.000,8455.000,8300.000,8325.000,8320.000,8325.000,8325.000,8370.000,8390.000,2026-04-01 23:11:11,9
SH2605,烧碱2605,230000,2260.000,2289.000,2234.000,0.000,2249.000,2250.000,2249.000,0.000,2312.000,2026-04-01 23:11:11,9
AO2605,氧化铝2605,231110,2762.000,2773.000,2751.000,0.000,2767.000,2768.000,2768.000,0.000,2803.000,2026-04-01 23:11:11,9
AP2605,苹果2605,150000,9840.000,9963.000,9792.000,9860.000,9857.000,9858.000,9860.000,9901.000,9767.000,2026-04-01 23:11:11,9
FG2605,玻璃2605,230000,1003.000,1006.000,993.000,0.000,997.000,998.000,998.000,0.000,1009.000,2026-04-01 23:11:11,9
PX2605,对二甲苯2605,225959,9340.000,9422.000,9282.000,0.000,9316.000,9320.000,9316.000,0.000,9594.000,2026-04-01 23:11:11,9
C2605,玉米2605,230000,2350.000,2353.000,2345.000,0.000,2350.000,2351.000,2350.000,0.000,2359.000,2026-04-01 23:11:11,9
JD2605,鸡蛋2605,150414,3451.000,3458.000,3396.000,3415.000,3414.000,3415.000,3415.000,3430.000,3443.000,2026-04-01 23:11:11,9
SP2605,纸浆2605,230000,5080.000,5118.000,5070.000,0.000,5076.000,5078.000,5078.000,0.000,5104.000,2026-04-01 23:11:11,9
SA2605,纯碱2605,230000,1168.000,1176.000,1164.000,0.000,1167.000,1168.000,1167.000,0.000,1173.000,2026-04-01 23:11:11,9
SF2605,硅铁2605,150000,5884.000,5898.000,5810.000,5822.000,5822.000,5824.000,5822.000,5850.000,5954.000,2026-04-01 23:11:11,9
SR2605,白糖2605,230000,5360.000,5364.000,5340.000,0.000,5345.000,5346.000,5346.000,0.000,5386.000,2026-04-01 23:11:11,9
RB2605,螺纹钢2605,230000,3127.000,3127.000,3093.000,0.000,3095.000,3096.000,3096.000,0.000,3127.000,2026-04-01 23:11:11,9
UR2605,尿素2605,150000,1870.000,1870.000,1842.000,1851.000,1849.000,1850.000,1851.000,1857.000,1876.000,2026-04-01 23:11:11,9
NR2605,20号胶2605,230000,13665.000,13855.000,13665.000,0.000,13785.000,13790.000,13785.000,0.000,13825.000,2026-04-01 23:11:11,9
CJ2605,红枣2605,150000,8730.000,8765.000,8625.000,8635.000,8635.000,8640.000,8635.000,8695.000,8700.000,2026-04-01 23:11:11,9
ZN2605,沪锌2605,231110,23635.000,23905.000,23620.000,0.000,23870.000,23875.000,23875.000,0.000,23595.000,2026-04-01 23:11:11,9
RM2605,菜粕2605,230000,2264.000,2268.000,2249.000,0.000,2250.000,2251.000,2251.000,0.000,2282.000,2026-04-01 23:11:11,9
A2605,豆一2605,230000,4603.000,4616.000,4580.000,0.000,4611.000,4612.000,4612.000,0.000,4636.000,2026-04-01 23:11:11,9
HC2605,热轧卷板2605,230000,3290.000,3292.000,3263.000,0.000,3266.000,3267.000,3267.000,0.000,3295.000,2026-04-01 23:11:11,9
SS2605,不锈钢2605,231110,14180.000,14185.000,14080.000,0.000,14125.000,14130.000,14125.000,0.000,14215.000,2026-04-01 23:11:11,9
PF2606,短纤2606,225959,7970.000,8056.000,7962.000,0.000,7986.000,8010.000,8000.000,0.000,8156.000,2026-04-01 23:11:11,9
PK2605,花生2605,150000,8086.000,8100.000,8000.000,8012.000,8012.000,8014.000,8012.000,8054.000,8096.000,2026-04-01 23:11:11,9
T2606,108.370,108.405,108.200,108.210,96771,10479296.150,292887.000,0.000,0.000,110.545,106.215,2026-04-01 23:11:11,10
TL2606,111.600,111.600,111.220,111.370,78758,8769427.210,132018.000,0.000,0.000,115.480,107.680,2026-04-01 23:11:11,10
TS2606,102.526,102.548,102.492,102.496,48784,5001220.706,76314.000,0.000,0.000,103.044,102.020,2026-04-01 23:11:11,10
TF2606,106.075,106.115,105.965,105.975,83041,8805049.020,177618.000,0.000,0.000,107.355,104.815,2026-04-01 23:11:11,10
BR2605,丁二烯橡胶2605,230000,17030.000,17125.000,16770.000,0.000,16840.000,16845.000,16845.000,0.000,17545.000,2026-04-01 23:11:11,10
P2605,棕榈油2605,230000,9842.000,9850.000,9736.000,0.000,9760.000,9762.000,9760.000,0.000,10002.000,2026-04-01 23:11:11,10
RU2605,天然橡胶2605,230000,16465.000,16640.000,16465.000,0.000,16560.000,16570.000,16570.000,0.000,16665.000,2026-04-01 23:11:11,10
MA2605,甲醇2605,230000,3071.000,3120.000,3058.000,0.000,3091.000,3092.000,3092.000,0.000,3157.000,2026-04-01 23:11:11,10
JM2605,焦煤2605,230000,1120.000,1125.000,1110.000,0.000,1113.500,1114.000,1114.000,0.000,1136.000,2026-04-01 23:11:11,10
CF2605,棉花2605,225959,15250.000,15270.000,15215.000,0.000,15255.000,15260.000,15260.000,0.000,15380.000,2026-04-01 23:11:11,10
BU2606,沥青2606,230000,4350.000,4357.000,4272.000,0.000,4303.000,4304.000,4304.000,0.000,4432.000,2026-04-01 23:11:11,10
AL2605,铝2605,231111,24830.000,24970.000,24775.000,0.000,24915.000,24920.000,24915.000,0.000,24850.000,2026-04-01 23:11:11,10
EG2605,乙二醇2605,230000,4911.000,4965.000,4863.000,0.000,4879.000,4880.000,4879.000,0.000,5125.000,2026-04-01 23:11:11,10
PP2605,聚丙烯2605,230000,8885.000,8959.000,8828.000,0.000,8907.000,8908.000,8907.000,0.000,9015.000,2026-04-01 23:11:11,10
TA2605,PTA2605,230000,6458.000,6544.000,6454.000,0.000,6510.000,6512.000,6510.000,0.000,6634.000,2026-04-01 23:11:11,10
NI2605,镍2605,231111,135100.000,135110.000,133720.000,0.000,134370.000,134380.000,134370.000,0.000,135050.000,2026-04-01 23:11:11,10
V2605,PVC2605,230000,5301.000,5338.000,5269.000,0.000,5323.000,5324.000,5323.000,0.000,5358.000,2026-04-01 23:11:11,10
EB2605,苯乙烯2605,225959,10016.000,10056.000,9830.000,0.000,9934.000,9935.000,9934.000,0.000,10288.000,2026-04-01 23:11:11,10
L2605,塑料2605,230000,8493.000,8508.000,8406.000,0.000,8463.000,8464.000,8464.000,0.000,8559.000,2026-04-01 23:11:11,10
SM2605,锰硅2605,150000,6434.000,6444.000,6316.000,6380.000,6376.000,6382.000,6380.000,6388.000,6514.000,2026-04-01 23:11:11,10
Y2605,豆油2605,225959,8640.000,8654.000,8590.000,0.000,8604.000,8608.000,8604.000,0.000,8728.000,2026-04-01 23:11:11,10
PG2605,液化石油气2605,225959,6168.000,6240.000,6112.000,0.000,6156.000,6170.000,6170.000,0.000,6341.000,2026-04-01 23:11:11,10
OI2605,菜油2605,230000,9735.000,9763.000,9724.000,0.000,9745.000,9747.000,9746.000,0.000,9855.000,2026-04-01 23:11:11,10
FU2605,燃料油2605,230000,4098.000,4123.000,4034.000,0.000,4092.000,4094.000,4092.000,0.000,4231.000,2026-04-01 23:11:11,10
M2605,豆粕2605,230000,2875.000,2877.000,2856.000,0.000,2864.000,2865.000,2865.000,0.000,2899.000,2026-04-01 23:11:11,10
I2605,铁矿石2605,230000,812.000,813.000,793.500,0.000,797.000,798.000,797.500,0.000,815.500,2026-04-01 23:11:11,10
SI2605,工业硅2605,150140,8355.000,8455.000,8300.000,8325.000,8320.000,8325.000,8325.000,8370.000,8390.000,2026-04-01 23:11:11,10
SH2605,烧碱2605,230000,2260.000,2289.000,2234.000,0.000,2249.000,2250.000,2249.000,0.000,2312.000,2026-04-01 23:11:11,10
AO2605,氧化铝2605,231111,2762.000,2773.000,2751.000,0.000,2767.000,2768.000,2767.000,0.000,2803.000,2026-04-01 23:11:11,10
AP2605,苹果2605,150000,9840.000,9963.000,9792.000,9860.000,9857.000,9858.000,9860.000,9901.000,9767.000,2026-04-01 23:11:11,10
FG2605,玻璃2605,230000,1003.000,1006.000,993.000,0.000,997.000,998.000,998.000,0.000,1009.000,2026-04-01 23:11:11,10
PX2605,对二甲苯2605,225959,9340.000,9422.000,9282.000,0.000,9316.000,9320.000,9316.000,0.000,9594.000,2026-04-01 23:11:11,10
C2605,玉米2605,230000,2350.000,2353.000,2345.000,0.000,2350.000,2351.000,2350.000,0.000,2359.000,2026-04-01 23:11:11,10
JD2605,鸡蛋2605,150414,3451.000,3458.000,3396.000,3415.000,3414.000,3415.000,3415.000,3430.000,3443.000,2026-04-01 23:11:11,10
SP2605,纸浆2605,230000,5080.000,5118.000,5070.000,0.000,5076.000,5078.000,5078.000,0.000,5104.000,2026-04-01 23:11:11,10
SA2605,纯碱2605,230000,1168.000,1176.000,1164.000,0.000,1167.000,1168.000,1167.000,0.000,1173.000,2026-04-01 23:11:11,10
SF2605,硅铁2605,150000,5884.000,5898.000,5810.000,5822.000,5822.000,5824.000,5822.000,5850.000,5954.000,2026-04-01 23:11:11,10
SR2605,白糖2605,230000,5360.000,5364.000,5340.000,0.000,5345.000,5346.000,5346.000,0.000,5386.000,2026-04-01 23:11:11,10
RB2605,螺纹钢2605,230000,3127.000,3127.000,3093.000,0.000,3095.000,3096.000,3096.000,0.000,3127.000,2026-04-01 23:11:11,10
UR2605,尿素2605,150000,1870.000,1870.000,1842.000,1851.000,1849.000,1850.000,1851.000,1857.000,1876.000,2026-04-01 23:11:11,10
NR2605,20号胶2605,230000,13665.000,13855.000,13665.000,0.000,13785.000,13790.000,13785.000,0.000,13825.000,2026-04-01 23:11:11,10
CJ2605,红枣2605,150000,8730.000,8765.000,8625.000,8635.000,8635.000,8640.000,8635.000,8695.000,8700.000,2026-04-01 23:11:11,10
ZN2605,沪锌2605,231111,23635.000,23905.000,23620.000,0.000,23870.000,23875.000,23875.000,0.000,23595.000,2026-04-01 23:11:11,10
RM2605,菜粕2605,230000,2264.000,2268.000,2249.000,0.000,2250.000,2251.000,2251.000,0.000,2282.000,2026-04-01 23:11:11,10
A2605,豆一2605,230000,4603.000,4616.000,4580.000,0.000,4611.000,4612.000,4612.000,0.000,4636.000,2026-04-01 23:11:11,10
HC2605,热轧卷板2605,230000,3290.000,3292.000,3263.000,0.000,3266.000,3267.000,3267.000,0.000,3295.000,2026-04-01 23:11:11,10
SS2605,不锈钢2605,231110,14180.000,14185.000,14080.000,0.000,14125.000,14130.000,14125.000,0.000,14215.000,2026-04-01 23:11:11,10
PF2606,短纤2606,225959,7970.000,8056.000,7962.000,0.000,7986.000,8010.000,8000.000,0.000,8156.000,2026-04-01 23:11:11,10
PK2605,花生2605,150000,8086.000,8100.000,8000.000,8012.000,8012.000,8014.000,8012.000,8054.000,8096.000,2026-04-01 23:11:11,10
T2606,108.370,108.405,108.200,108.210,96771,10479296.150,292887.000,0.000,0.000,110.545,106.215,2026-04-01 23:11:14,11
TL2606,111.600,111.600,111.220,111.370,78758,8769427.210,132018.000,0.000,0.000,115.480,107.680,2026-04-01 23:11:14,11
TS2606,102.526,102.548,102.492,102.496,48784,5001220.706,76314.000,0.000,0.000,103.044,102.020,2026-04-01 23:11:14,11
TF2606,106.075,106.115,105.965,105.975,83041,8805049.020,177618.000,0.000,0.000,107.355,104.815,2026-04-01 23:11:14,11
BR2605,丁二烯橡胶2605,230000,17030.000,17125.000,16770.000,0.000,16840.000,16845.000,16845.000,0.000,17545.000,2026-04-01 23:11:14,11
P2605,棕榈油2605,230000,9842.000,9850.000,9736.000,0.000,9760.000,9762.000,9760.000,0.000,10002.000,2026-04-01 23:11:14,11
RU2605,天然橡胶2605,230000,16465.000,16640.000,16465.000,0.000,16560.000,16570.000,16570.000,0.000,16665.000,2026-04-01 23:11:14,11
MA2605,甲醇2605,230000,3071.000,3120.000,3058.000,0.000,3091.000,3092.000,3092.000,0.000,3157.000,2026-04-01 23:11:14,11
JM2605,焦煤2605,230000,1120.000,1125.000,1110.000,0.000,1113.500,1114.000,1114.000,0.000,1136.000,2026-04-01 23:11:14,11
CF2605,棉花2605,225959,15250.000,15270.000,15215.000,0.000,15255.000,15260.000,15260.000,0.000,15380.000,2026-04-01 23:11:14,11
BU2606,沥青2606,230000,4350.000,4357.000,4272.000,0.000,4303.000,4304.000,4304.000,0.000,4432.000,2026-04-01 23:11:14,11
AL2605,铝2605,231114,24830.000,24970.000,24775.000,0.000,24915.000,24920.000,24915.000,0.000,24850.000,2026-04-01 23:11:14,11
EG2605,乙二醇2605,230000,4911.000,4965.000,4863.000,0.000,4879.000,4880.000,4879.000,0.000,5125.000,2026-04-01 23:11:14,11
PP2605,聚丙烯2605,230000,8885.000,8959.000,8828.000,0.000,8907.000,8908.000,8907.000,0.000,9015.000,2026-04-01 23:11:14,11
TA2605,PTA2605,230000,6458.000,6544.000,6454.000,0.000,6510.000,6512.000,6510.000,0.000,6634.000,2026-04-01 23:11:14,11
NI2605,镍2605,231113,135100.000,135110.000,133720.000,0.000,134380.000,134390.000,134380.000,0.000,135050.000,2026-04-01 23:11:14,11
V2605,PVC2605,230000,5301.000,5338.000,5269.000,0.000,5323.000,5324.000,5323.000,0.000,5358.000,2026-04-01 23:11:14,11
EB2605,苯乙烯2605,225959,10016.000,10056.000,9830.000,0.000,9934.000,9935.000,9934.000,0.000,10288.000,2026-04-01 23:11:14,11
L2605,塑料2605,230000,8493.000,8508.000,8406.000,0.000,8463.000,8464.000,8464.000,0.000,8559.000,2026-04-01 23:11:14,11
SM2605,锰硅2605,150000,6434.000,6444.000,6316.000,6380.000,6376.000,6382.000,6380.000,6388.000,6514.000,2026-04-01 23:11:14,11
Y2605,豆油2605,225959,8640.000,8654.000,8590.000,0.000,8604.000,8608.000,8604.000,0.000,8728.000,2026-04-01 23:11:14,11
PG2605,液化石油气2605,225959,6168.000,6240.000,6112.000,0.000,6156.000,6170.000,6170.000,0.000,6341.000,2026-04-01 23:11:14,11
OI2605,菜油2605,230000,9735.000,9763.000,9724.000,0.000,9745.000,9747.000,9746.000,0.000,9855.000,2026-04-01 23:11:14,11
FU2605,燃料油2605,230000,4098.000,4123.000,4034.000,0.000,4092.000,4094.000,4092.000,0.000,4231.000,2026-04-01 23:11:14,11
M2605,豆粕2605,230000,2875.000,2877.000,2856.000,0.000,2864.000,2865.000,2865.000,0.000,2899.000,2026-04-01 23:11:14,11
I2605,铁矿石2605,230000,812.000,813.000,793.500,0.000,797.000,798.000,797.500,0.000,815.500,2026-04-01 23:11:14,11
SI2605,工业硅2605,150140,8355.000,8455.000,8300.000,8325.000,8320.000,8325.000,8325.000,8370.000,8390.000,2026-04-01 23:11:14,11
SH2605,烧碱2605,230000,2260.000,2289.000,2234.000,0.000,2249.000,2250.000,2249.000,0.000,2312.000,2026-04-01 23:11:14,11
AO2605,氧化铝2605,231113,2762.000,2773.000,2751.000,0.000,2767.000,2768.000,2767.000,0.000,2803.000,2026-04-01 23:11:14,11
AP2605,苹果2605,150000,9840.000,9963.000,9792.000,9860.000,9857.000,9858.000,9860.000,9901.000,9767.000,2026-04-01 23:11:14,11
FG2605,玻璃2605,230000,1003.000,1006.000,993.000,0.000,997.000,998.000,998.000,0.000,1009.000,2026-04-01 23:11:14,11
PX2605,对二甲苯2605,225959,9340.000,9422.000,9282.000,0.000,9316.000,9320.000,9316.000,0.000,9594.000,2026-04-01 23:11:14,11
C2605,玉米2605,230000,2350.000,2353.000,2345.000,0.000,2350.000,2351.000,2350.000,0.000,2359.000,2026-04-01 23:11:14,11
JD2605,鸡蛋2605,150414,3451.000,3458.000,3396.000,3415.000,3414.000,3415.000,3415.000,3430.000,3443.000,2026-04-01 23:11:14,11
SP2605,纸浆2605,230000,5080.000,5118.000,5070.000,0.000,5076.000,5078.000,5078.000,0.000,5104.000,2026-04-01 23:11:14,11
SA2605,纯碱2605,230000,1168.000,1176.000,1164.000,0.000,1167.000,1168.000,1167.000,0.000,1173.000,2026-04-01 23:11:14,11
SF2605,硅铁2605,150000,5884.000,5898.000,5810.000,5822.000,5822.000,5824.000,5822.000,5850.000,5954.000,2026-04-01 23:11:14,11
SR2605,白糖2605,230000,5360.000,5364.000,5340.000,0.000,5345.000,5346.000,5346.000,0.000,5386.000,2026-04-01 23:11:14,11
RB2605,螺纹钢2605,230000,3127.000,3127.000,3093.000,0.000,3095.000,3096.000,3096.000,0.000,3127.000,2026-04-01 23:11:14,11
UR2605,尿素2605,150000,1870.000,1870.000,1842.000,1851.000,1849.000,1850.000,1851.000,1857.000,1876.000,2026-04-01 23:11:14,11
NR2605,20号胶2605,230000,13665.000,13855.000,13665.000,0.000,13785.000,13790.000,13785.000,0.000,13825.000,2026-04-01 23:11:14,11
CJ2605,红枣2605,150000,8730.000,8765.000,8625.000,8635.000,8635.000,8640.000,8635.000,8695.000,8700.000,2026-04-01 23:11:14,11
ZN2605,沪锌2605,231113,23635.000,23905.000,23620.000,0.000,23875.000,23880.000,23880.000,0.000,23595.000,2026-04-01 23:11:14,11
RM2605,菜粕2605,230000,2264.000,2268.000,2249.000,0.000,2250.000,2251.000,2251.000,0.000,2282.000,2026-04-01 23:11:14,11
A2605,豆一2605,230000,4603.000,4616.000,4580.000,0.000,4611.000,4612.000,4612.000,0.000,4636.000,2026-04-01 23:11:14,11
HC2605,热轧卷板2605,230000,3290.000,3292.000,3263.000,0.000,3266.000,3267.000,3267.000,0.000,3295.000,2026-04-01 23:11:14,11
SS2605,不锈钢2605,231113,14180.000,14185.000,14080.000,0.000,14125.000,14130.000,14125.000,0.000,14215.000,2026-04-01 23:11:14,11
PF2606,短纤2606,225959,7970.000,8056.000,7962.000,0.000,7986.000,8010.000,8000.000,0.000,8156.000,2026-04-01 23:11:14,11
PK2605,花生2605,150000,8086.000,8100.000,8000.000,8012.000,8012.000,8014.000,8012.000,8054.000,8096.000,2026-04-01 23:11:14,11
T2606,108.370,108.405,108.200,108.210,96771,10479296.150,292887.000,0.000,0.000,110.545,106.215,2026-04-01 23:11:14,12
TL2606,111.600,111.600,111.220,111.370,78758,8769427.210,132018.000,0.000,0.000,115.480,107.680,2026-04-01 23:11:14,12
TS2606,102.526,102.548,102.492,102.496,48784,5001220.706,76314.000,0.000,0.000,103.044,102.020,2026-04-01 23:11:14,12
TF2606,106.075,106.115,105.965,105.975,83041,8805049.020,177618.000,0.000,0.000,107.355,104.815,2026-04-01 23:11:14,12
BR2605,丁二烯橡胶2605,230000,17030.000,17125.000,16770.000,0.000,16840.000,16845.000,16845.000,0.000,17545.000,2026-04-01 23:11:14,12
P2605,棕榈油2605,230000,9842.000,9850.000,9736.000,0.000,9760.000,9762.000,9760.000,0.000,10002.000,2026-04-01 23:11:14,12
RU2605,天然橡胶2605,230000,16465.000,16640.000,16465.000,0.000,16560.000,16570.000,16570.000,0.000,16665.000,2026-04-01 23:11:14,12
MA2605,甲醇2605,230000,3071.000,3120.000,3058.000,0.000,3091.000,3092.000,3092.000,0.000,3157.000,2026-04-01 23:11:14,12
JM2605,焦煤2605,230000,1120.000,1125.000,1110.000,0.000,1113.500,1114.000,1114.000,0.000,1136.000,2026-04-01 23:11:14,12
CF2605,棉花2605,225959,15250.000,15270.000,15215.000,0.000,15255.000,15260.000,15260.000,0.000,15380.000,2026-04-01 23:11:14,12
BU2606,沥青2606,230000,4350.000,4357.000,4272.000,0.000,4303.000,4304.000,4304.000,0.000,4432.000,2026-04-01 23:11:14,12
AL2605,铝2605,231114,24830.000,24970.000,24775.000,0.000,24915.000,24920.000,24915.000,0.000,24850.000,2026-04-01 23:11:14,12
EG2605,乙二醇2605,230000,4911.000,4965.000,4863.000,0.000,4879.000,4880.000,4879.000,0.000,5125.000,2026-04-01 23:11:14,12
PP2605,聚丙烯2605,230000,8885.000,8959.000,8828.000,0.000,8907.000,8908.000,8907.000,0.000,9015.000,2026-04-01 23:11:14,12
TA2605,PTA2605,230000,6458.000,6544.000,6454.000,0.000,6510.000,6512.000,6510.000,0.000,6634.000,2026-04-01 23:11:14,12
NI2605,镍2605,231113,135100.000,135110.000,133720.000,0.000,134380.000,134390.000,134380.000,0.000,135050.000,2026-04-01 23:11:14,12
V2605,PVC2605,230000,5301.000,5338.000,5269.000,0.000,5323.000,5324.000,5323.000,0.000,5358.000,2026-04-01 23:11:14,12
EB2605,苯乙烯2605,225959,10016.000,10056.000,9830.000,0.000,9934.000,9935.000,9934.000,0.000,10288.000,2026-04-01 23:11:14,12
L2605,塑料2605,230000,8493.000,8508.000,8406.000,0.000,8463.000,8464.000,8464.000,0.000,8559.000,2026-04-01 23:11:14,12
SM2605,锰硅2605,150000,6434.000,6444.000,6316.000,6380.000,6376.000,6382.000,6380.000,6388.000,6514.000,2026-04-01 23:11:14,12
Y2605,豆油2605,225959,8640.000,8654.000,8590.000,0.000,8604.000,8608.000,8604.000,0.000,8728.000,2026-04-01 23:11:14,12
PG2605,液化石油气2605,225959,6168.000,6240.000,6112.000,0.000,6156.000,6170.000,6170.000,0.000,6341.000,2026-04-01 23:11:14,12
OI2605,菜油2605,230000,9735.000,9763.000,9724.000,0.000,9745.000,9747.000,9746.000,0.000,9855.000,2026-04-01 23:11:14,12
FU2605,燃料油2605,230000,4098.000,4123.000,4034.000,0.000,4092.000,4094.000,4092.000,0.000,4231.000,2026-04-01 23:11:14,12
M2605,豆粕2605,230000,2875.000,2877.000,2856.000,0.000,2864.000,2865.000,2865.000,0.000,2899.000,2026-04-01 23:11:14,12
I2605,铁矿石2605,230000,812.000,813.000,793.500,0.000,797.000,798.000,797.500,0.000,815.500,2026-04-01 23:11:14,12
SI2605,工业硅2605,150140,8355.000,8455.000,8300.000,8325.000,8320.000,8325.000,8325.000,8370.000,8390.000,2026-04-01 23:11:14,12
SH2605,烧碱2605,230000,2260.000,2289.000,2234.000,0.000,2249.000,2250.000,2249.000,0.000,2312.000,2026-04-01 23:11:14,12
AO2605,氧化铝2605,231114,2762.000,2773.000,2751.000,0.000,2767.000,2768.000,2767.000,0.000,2803.000,2026-04-01 23:11:14,12
AP2605,苹果2605,150000,9840.000,9963.000,9792.000,9860.000,9857.000,9858.000,9860.000,9901.000,9767.000,2026-04-01 23:11:14,12
FG2605,玻璃2605,230000,1003.000,1006.000,993.000,0.000,997.000,998.000,998.000,0.000,1009.000,2026-04-01 23:11:14,12
PX2605,对二甲苯2605,225959,9340.000,9422.000,9282.000,0.000,9316.000,9320.000,9316.000,0.000,9594.000,2026-04-01 23:11:14,12
C2605,玉米2605,230000,2350.000,2353.000,2345.000,0.000,2350.000,2351.000,2350.000,0.000,2359.000,2026-04-01 23:11:14,12
JD2605,鸡蛋2605,150414,3451.000,3458.000,3396.000,3415.000,3414.000,3415.000,3415.000,3430.000,3443.000,2026-04-01 23:11:14,12
SP2605,纸浆2605,230000,5080.000,5118.000,5070.000,0.000,5076.000,5078.000,5078.000,0.000,5104.000,2026-04-01 23:11:14,12
SA2605,纯碱2605,230000,1168.000,1176.000,1164.000,0.000,1167.000,1168.000,1167.000,0.000,1173.000,2026-04-01 23:11:14,12
SF2605,硅铁2605,150000,5884.000,5898.000,5810.000,5822.000,5822.000,5824.000,5822.000,5850.000,5954.000,2026-04-01 23:11:14,12
SR2605,白糖2605,230000,5360.000,5364.000,5340.000,0.000,5345.000,5346.000,5346.000,0.000,5386.000,2026-04-01 23:11:14,12
RB2605,螺纹钢2605,230000,3127.000,3127.000,3093.000,0.000,3095.000,3096.000,3096.000,0.000,3127.000,2026-04-01 23:11:14,12
UR2605,尿素2605,150000,1870.000,1870.000,1842.000,1851.000,1849.000,1850.000,1851.000,1857.000,1876.000,2026-04-01 23:11:14,12
NR2605,20号胶2605,230000,13665.000,13855.000,13665.000,0.000,13785.000,13790.000,13785.000,0.000,13825.000,2026-04-01 23:11:14,12
CJ2605,红枣2605,150000,8730.000,8765.000,8625.000,8635.000,8635.000,8640.000,8635.000,8695.000,8700.000,2026-04-01 23:11:14,12
ZN2605,沪锌2605,231113,23635.000,23905.000,23620.000,0.000,23875.000,23880.000,23880.000,0.000,23595.000,2026-04-01 23:11:14,12
RM2605,菜粕2605,230000,2264.000,2268.000,2249.000,0.000,2250.000,2251.000,2251.000,0.000,2282.000,2026-04-01 23:11:14,12
A2605,豆一2605,230000,4603.000,4616.000,4580.000,0.000,4611.000,4612.000,4612.000,0.000,4636.000,2026-04-01 23:11:14,12
HC2605,热轧卷板2605,230000,3290.000,3292.000,3263.000,0.000,3266.000,3267.000,3267.000,0.000,3295.000,2026-04-01 23:11:14,12
SS2605,不锈钢2605,231113,14180.000,14185.000,14080.000,0.000,14125.000,14130.000,14125.000,0.000,14215.000,2026-04-01 23:11:14,12
PF2606,短纤2606,225959,7970.000,8056.000,7962.000,0.000,7986.000,8010.000,8000.000,0.000,8156.000,2026-04-01 23:11:14,12
PK2605,花生2605,150000,8086.000,8100.000,8000.000,8012.000,8012.000,8014.000,8012.000,8054.000,8096.000,2026-04-01 23:11:14,12
T2606,108.370,108.405,108.200,108.210,96771,10479296.150,292887.000,0.000,0.000,110.545,106.215,2026-04-01 23:11:17,13
TL2606,111.600,111.600,111.220,111.370,78758,8769427.210,132018.000,0.000,0.000,115.480,107.680,2026-04-01 23:11:17,13
TS2606,102.526,102.548,102.492,102.496,48784,5001220.706,76314.000,0.000,0.000,103.044,102.020,2026-04-01 23:11:17,13
TF2606,106.075,106.115,105.965,105.975,83041,8805049.020,177618.000,0.000,0.000,107.355,104.815,2026-04-01 23:11:17,13
BR2605,丁二烯橡胶2605,230000,17030.000,17125.000,16770.000,0.000,16840.000,16845.000,16845.000,0.000,17545.000,2026-04-01 23:11:17,13
P2605,棕榈油2605,230000,9842.000,9850.000,9736.000,0.000,9760.000,9762.000,9760.000,0.000,10002.000,2026-04-01 23:11:17,13
RU2605,天然橡胶2605,230000,16465.000,16640.000,16465.000,0.000,16560.000,16570.000,16570.000,0.000,16665.000,2026-04-01 23:11:17,13
MA2605,甲醇2605,230000,3071.000,3120.000,3058.000,0.000,3091.000,3092.000,3092.000,0.000,3157.000,2026-04-01 23:11:17,13
JM2605,焦煤2605,230000,1120.000,1125.000,1110.000,0.000,1113.500,1114.000,1114.000,0.000,1136.000,2026-04-01 23:11:17,13
CF2605,棉花2605,225959,15250.000,15270.000,15215.000,0.000,15255.000,15260.000,15260.000,0.000,15380.000,2026-04-01 23:11:17,13
BU2606,沥青2606,230000,4350.000,4357.000,4272.000,0.000,4303.000,4304.000,4304.000,0.000,4432.000,2026-04-01 23:11:17,13
AL2605,铝2605,231117,24830.000,24970.000,24775.000,0.000,24915.000,24920.000,24915.000,0.000,24850.000,2026-04-01 23:11:17,13
EG2605,乙二醇2605,230000,4911.000,4965.000,4863.000,0.000,4879.000,4880.000,4879.000,0.000,5125.000,2026-04-01 23:11:17,13
PP2605,聚丙烯2605,230000,8885.000,8959.000,8828.000,0.000,8907.000,8908.000,8907.000,0.000,9015.000,2026-04-01 23:11:17,13
TA2605,PTA2605,230000,6458.000,6544.000,6454.000,0.000,6510.000,6512.000,6510.000,0.000,6634.000,2026-04-01 23:11:17,13
NI2605,镍2605,231116,135100.000,135110.000,133720.000,0.000,134370.000,134380.000,134380.000,0.000,135050.000,2026-04-01 23:11:17,13
V2605,PVC2605,230000,5301.000,5338.000,5269.000,0.000,5323.000,5324.000,5323.000,0.000,5358.000,2026-04-01 23:11:17,13
EB2605,苯乙烯2605,225959,10016.000,10056.000,9830.000,0.000,9934.000,9935.000,9934.000,0.000,10288.000,2026-04-01 23:11:17,13
L2605,塑料2605,230000,8493.000,8508.000,8406.000,0.000,8463.000,8464.000,8464.000,0.000,8559.000,2026-04-01 23:11:17,13
SM2605,锰硅2605,150000,6434.000,6444.000,6316.000,6380.000,6376.000,6382.000,6380.000,6388.000,6514.000,2026-04-01 23:11:17,13
Y2605,豆油2605,225959,8640.000,8654.000,8590.000,0.000,8604.000,8608.000,8604.000,0.000,8728.000,2026-04-01 23:11:17,13
PG2605,液化石油气2605,225959,6168.000,6240.000,6112.000,0.000,6156.000,6170.000,6170.000,0.000,6341.000,2026-04-01 23:11:17,13
OI2605,菜油2605,230000,9735.000,9763.000,9724.000,0.000,9745.000,9747.000,9746.000,0.000,9855.000,2026-04-01 23:11:17,13
FU2605,燃料油2605,230000,4098.000,4123.000,4034.000,0.000,4092.000,4094.000,4092.000,0.000,4231.000,2026-04-01 23:11:17,13
M2605,豆粕2605,230000,2875.000,2877.000,2856.000,0.000,2864.000,2865.000,2865.000,0.000,2899.000,2026-04-01 23:11:17,13
I2605,铁矿石2605,230000,812.000,813.000,793.500,0.000,797.000,798.000,797.500,0.000,815.500,2026-04-01 23:11:17,13
SI2605,工业硅2605,150140,8355.000,8455.000,8300.000,8325.000,8320.000,8325.000,8325.000,8370.000,8390.000,2026-04-01 23:11:17,13
SH2605,烧碱2605,230000,2260.000,2289.000,2234.000,0.000,2249.000,2250.000,2249.000,0.000,2312.000,2026-04-01 23:11:17,13
AO2605,氧化铝2605,231117,2762.000,2773.000,2751.000,0.000,2767.000,2768.000,2767.000,0.000,2803.000,2026-04-01 23:11:17,13
AP2605,苹果2605,150000,9840.000,9963.000,9792.000,9860.000,9857.000,9858.000,9860.000,9901.000,9767.000,2026-04-01 23:11:17,13
FG2605,玻璃2605,230000,1003.000,1006.000,993.000,0.000,997.000,998.000,998.000,0.000,1009.000,2026-04-01 23:11:17,13
PX2605,对二甲苯2605,225959,9340.000,9422.000,9282.000,0.000,9316.000,9320.000,9316.000,0.000,9594.000,2026-04-01 23:11:17,13
C2605,玉米2605,230000,2350.000,2353.000,2345.000,0.000,2350.000,2351.000,2350.000,0.000,2359.000,2026-04-01 23:11:17,13
JD2605,鸡蛋2605,150414,3451.000,3458.000,3396.000,3415.000,3414.000,3415.000,3415.000,3430.000,3443.000,2026-04-01 23:11:17,13
SP2605,纸浆2605,230000,5080.000,5118.000,5070.000,0.000,5076.000,5078.000,5078.000,0.000,5104.000,2026-04-01 23:11:17,13
SA2605,纯碱2605,230000,1168.000,1176.000,1164.000,0.000,1167.000,1168.000,1167.000,0.000,1173.000,2026-04-01 23:11:17,13
SF2605,硅铁2605,150000,5884.000,5898.000,5810.000,5822.000,5822.000,5824.000,5822.000,5850.000,5954.000,2026-04-01 23:11:17,13
SR2605,白糖2605,230000,5360.000,5364.000,5340.000,0.000,5345.000,5346.000,5346.000,0.000,5386.000,2026-04-01 23:11:17,13
RB2605,螺纹钢2605,230000,3127.000,3127.000,3093.000,0.000,3095.000,3096.000,3096.000,0.000,3127.000,2026-04-01 23:11:17,13
UR2605,尿素2605,150000,1870.000,1870.000,1842.000,1851.000,1849.000,1850.000,1851.000,1857.000,1876.000,2026-04-01 23:11:17,13
NR2605,20号胶2605,230000,13665.000,13855.000,13665.000,0.000,13785.000,13790.000,13785.000,0.000,13825.000,2026-04-01 23:11:17,13
CJ2605,红枣2605,150000,8730.000,8765.000,8625.000,8635.000,8635.000,8640.000,8635.000,8695.000,8700.000,2026-04-01 23:11:17,13
ZN2605,沪锌2605,231116,23635.000,23905.000,23620.000,0.000,23875.000,23880.000,23875.000,0.000,23595.000,2026-04-01 23:11:17,13
RM2605,菜粕2605,230000,2264.000,2268.000,2249.000,0.000,2250.000,2251.000,2251.000,0.000,2282.000,2026-04-01 23:11:17,13
A2605,豆一2605,230000,4603.000,4616.000,4580.000,0.000,4611.000,4612.000,4612.000,0.000,4636.000,2026-04-01 23:11:17,13
HC2605,热轧卷板2605,230000,3290.000,3292.000,3263.000,0.000,3266.000,3267.000,3267.000,0.000,3295.000,2026-04-01 23:11:17,13
SS2605,不锈钢2605,231116,14180.000,14185.000,14080.000,0.000,14125.000,14130.000,14125.000,0.000,14215.000,2026-04-01 23:11:17,13
PF2606,短纤2606,225959,7970.000,8056.000,7962.000,0.000,7986.000,8010.000,8000.000,0.000,8156.000,2026-04-01 23:11:17,13
PK2605,花生2605,150000,8086.000,8100.000,8000.000,8012.000,8012.000,8014.000,8012.000,8054.000,8096.000,2026-04-01 23:11:17,13
T2606,108.370,108.405,108.200,108.210,96771,10479296.150,292887.000,0.000,0.000,110.545,106.215,2026-04-01 23:11:17,14
TL2606,111.600,111.600,111.220,111.370,78758,8769427.210,132018.000,0.000,0.000,115.480,107.680,2026-04-01 23:11:17,14
TS2606,102.526,102.548,102.492,102.496,48784,5001220.706,76314.000,0.000,0.000,103.044,102.020,2026-04-01 23:11:17,14
TF2606,106.075,106.115,105.965,105.975,83041,8805049.020,177618.000,0.000,0.000,107.355,104.815,2026-04-01 23:11:17,14
BR2605,丁二烯橡胶2605,230000,17030.000,17125.000,16770.000,0.000,16840.000,16845.000,16845.000,0.000,17545.000,2026-04-01 23:11:17,14
P2605,棕榈油2605,230000,9842.000,9850.000,9736.000,0.000,9760.000,9762.000,9760.000,0.000,10002.000,2026-04-01 23:11:17,14
RU2605,天然橡胶2605,230000,16465.000,16640.000,16465.000,0.000,16560.000,16570.000,16570.000,0.000,16665.000,2026-04-01 23:11:17,14
MA2605,甲醇2605,230000,3071.000,3120.000,3058.000,0.000,3091.000,3092.000,3092.000,0.000,3157.000,2026-04-01 23:11:17,14
JM2605,焦煤2605,230000,1120.000,1125.000,1110.000,0.000,1113.500,1114.000,1114.000,0.000,1136.000,2026-04-01 23:11:17,14
CF2605,棉花2605,225959,15250.000,15270.000,15215.000,0.000,15255.000,15260.000,15260.000,0.000,15380.000,2026-04-01 23:11:17,14
BU2606,沥青2606,230000,4350.000,4357.000,4272.000,0.000,4303.000,4304.000,4304.000,0.000,4432.000,2026-04-01 23:11:17,14
AL2605,铝2605,231117,24830.000,24970.000,24775.000,0.000,24915.000,24920.000,24915.000,0.000,24850.000,2026-04-01 23:11:17,14
EG2605,乙二醇2605,230000,4911.000,4965.000,4863.000,0.000,4879.000,4880.000,4879.000,0.000,5125.000,2026-04-01 23:11:17,14
PP2605,聚丙烯2605,230000,8885.000,8959.000,8828.000,0.000,8907.000,8908.000,8907.000,0.000,9015.000,2026-04-01 23:11:17,14
TA2605,PTA2605,230000,6458.000,6544.000,6454.000,0.000,6510.000,6512.000,6510.000,0.000,6634.000,2026-04-01 23:11:17,14
NI2605,镍2605,231117,135100.000,135110.000,133720.000,0.000,134370.000,134380.000,134380.000,0.000,135050.000,2026-04-01 23:11:17,14
V2605,PVC2605,230000,5301.000,5338.000,5269.000,0.000,5323.000,5324.000,5323.000,0.000,5358.000,2026-04-01 23:11:17,14
EB2605,苯乙烯2605,225959,10016.000,10056.000,9830.000,0.000,9934.000,9935.000,9934.000,0.000,10288.000,2026-04-01 23:11:17,14
L2605,塑料2605,230000,8493.000,8508.000,8406.000,0.000,8463.000,8464.000,8464.000,0.000,8559.000,2026-04-01 23:11:17,14
SM2605,锰硅2605,150000,6434.000,6444.000,6316.000,6380.000,6376.000,6382.000,6380.000,6388.000,6514.000,2026-04-01 23:11:17,14
Y2605,豆油2605,225959,8640.000,8654.000,8590.000,0.000,8604.000,8608.000,8604.000,0.000,8728.000,2026-04-01 23:11:17,14
PG2605,液化石油气2605,225959,6168.000,6240.000,6112.000,0.000,6156.000,6170.000,6170.000,0.000,6341.000,2026-04-01 23:11:17,14
OI2605,菜油2605,230000,9735.000,9763.000,9724.000,0.000,9745.000,9747.000,9746.000,0.000,9855.000,2026-04-01 23:11:17,14
FU2605,燃料油2605,230000,4098.000,4123.000,4034.000,0.000,4092.000,4094.000,4092.000,0.000,4231.000,2026-04-01 23:11:17,14
M2605,豆粕2605,230000,2875.000,2877.000,2856.000,0.000,2864.000,2865.000,2865.000,0.000,2899.000,2026-04-01 23:11:17,14
I2605,铁矿石2605,230000,812.000,813.000,793.500,0.000,797.000,798.000,797.500,0.000,815.500,2026-04-01 23:11:17,14
SI2605,工业硅2605,150140,8355.000,8455.000,8300.000,8325.000,8320.000,8325.000,8325.000,8370.000,8390.000,2026-04-01 23:11:17,14
SH2605,烧碱2605,230000,2260.000,2289.000,2234.000,0.000,2249.000,2250.000,2249.000,0.000,2312.000,2026-04-01 23:11:17,14
AO2605,氧化铝2605,231117,2762.000,2773.000,2751.000,0.000,2767.000,2768.000,2767.000,0.000,2803.000,2026-04-01 23:11:17,14
AP2605,苹果2605,150000,9840.000,9963.000,9792.000,9860.000,9857.000,9858.000,9860.000,9901.000,9767.000,2026-04-01 23:11:17,14
FG2605,玻璃2605,230000,1003.000,1006.000,993.000,0.000,997.000,998.000,998.000,0.000,1009.000,2026-04-01 23:11:17,14
PX2605,对二甲苯2605,225959,9340.000,9422.000,9282.000,0.000,9316.000,9320.000,9316.000,0.000,9594.000,2026-04-01 23:11:17,14
C2605,玉米2605,230000,2350.000,2353.000,2345.000,0.000,2350.000,2351.000,2350.000,0.000,2359.000,2026-04-01 23:11:17,14
JD2605,鸡蛋2605,150414,3451.000,3458.000,3396.000,3415.000,3414.000,3415.000,3415.000,3430.000,3443.000,2026-04-01 23:11:17,14
SP2605,纸浆2605,230000,5080.000,5118.000,5070.000,0.000,5076.000,5078.000,5078.000,0.000,5104.000,2026-04-01 23:11:17,14
SA2605,纯碱2605,230000,1168.000,1176.000,1164.000,0.000,1167.000,1168.000,1167.000,0.000,1173.000,2026-04-01 23:11:17,14
SF2605,硅铁2605,150000,5884.000,5898.000,5810.000,5822.000,5822.000,5824.000,5822.000,5850.000,5954.000,2026-04-01 23:11:17,14
SR2605,白糖2605,230000,5360.000,5364.000,5340.000,0.000,5345.000,5346.000,5346.000,0.000,5386.000,2026-04-01 23:11:17,14
RB2605,螺纹钢2605,230000,3127.000,3127.000,3093.000,0.000,3095.000,3096.000,3096.000,0.000,3127.000,2026-04-01 23:11:17,14
UR2605,尿素2605,150000,1870.000,1870.000,1842.000,1851.000,1849.000,1850.000,1851.000,1857.000,1876.000,2026-04-01 23:11:17,14
NR2605,20号胶2605,230000,13665.000,13855.000,13665.000,0.000,13785.000,13790.000,13785.000,0.000,13825.000,2026-04-01 23:11:17,14
CJ2605,红枣2605,150000,8730.000,8765.000,8625.000,8635.000,8635.000,8640.000,8635.000,8695.000,8700.000,2026-04-01 23:11:17,14
ZN2605,沪锌2605,231117,23635.000,23905.000,23620.000,0.000,23875.000,23880.000,23875.000,0.000,23595.000,2026-04-01 23:11:17,14
RM2605,菜粕2605,230000,2264.000,2268.000,2249.000,0.000,2250.000,2251.000,2251.000,0.000,2282.000,2026-04-01 23:11:17,14
A2605,豆一2605,230000,4603.000,4616.000,4580.000,0.000,4611.000,4612.000,4612.000,0.000,4636.000,2026-04-01 23:11:17,14
HC2605,热轧卷板2605,230000,3290.000,3292.000,3263.000,0.000,3266.000,3267.000,3267.000,0.000,3295.000,2026-04-01 23:11:17,14
SS2605,不锈钢2605,231116,14180.000,14185.000,14080.000,0.000,14125.000,14130.000,14125.000,0.000,14215.000,2026-04-01 23:11:17,14
PF2606,短纤2606,225959,7970.000,8056.000,7962.000,0.000,7986.000,8010.000,8000.000,0.000,8156.000,2026-04-01 23:11:17,14
PK2605,花生2605,150000,8086.000,8100.000,8000.000,8012.000,8012.000,8014.000,8012.000,8054.000,8096.000,2026-04-01 23:11:17,14
