DEDUCT_NETPROFIT{2025-09-30},CIRCULATION_MARKET_VALUE<140>,DEDUCT_NETPROFIT{2024-09-30},CHG,DEBT_ASSET_RATIO{2025-11-02},PEAK_PRICE<140>,SECURITY_CODE,QRR,IF_DELISTING,DEDUCT_NETPROFIT{2025-03-31},IN_OPTIONAL,PCHG,SERIAL,最新扣除非经常性损益后归属于母公司股东的净利润[2025-09-30]同比增长率(%),TRADING_VOLUMES,DEDUCT_NETPROFIT{2025-06-30},VOLUME,DEDUCT_NETPROFIT{2024-12-31},MARKET_SHORT_NAME,TRADEMARKET,BOTTOM_PRICE<140>,PE_DYNAMIC,PB,NEWEST_PRICE,SECURITY_SHORT_NAME,TURNOVER_RATE,MARKET_NUM,PETTMDEDUCTED{2025-11-02},TOAL_MARKET_VALUE<140>,IFSTSTOCK{2025-10-31}
13.62亿|2025三季报,1836.82亿,2.66亿|2024三季报,-4.13,36.82|2025三季报,52.50,600111,0.80,否,4.35亿|2025一季报,False,-2.19,1,412.02|2025三季报,77.16亿,8.97亿|2025半年报,1.51亿,9.01亿|2024年报,SH,上交所主板,50.53,89.38,7.69,50.81,北方稀土,4.18,1,91.96|2025-10-31,1836.82亿,否
7.81亿|2025三季报,338.13亿,1.54亿|2024三季报,-10.00,48.62|2025三季报,26.15,000657,0.94,否,2.04亿|2025一季报,False,-2.60,2,407.52|2025三季报,33.24亿,4.84亿|2025半年报,1.38亿,1.62亿|2024年报,SZ,深交所主板,23.41,47.30,5.40,23.41,中钨高新,9.53,0,67.58|2025-10-31,533.42亿,否
17.23亿|2025三季报,286.00亿,3.84亿|2024三季报,-2.13,72.26|2025三季报,11.12,601456,1.59,否,3.77亿|2025一季报,False,-0.24,3,348.81|2025三季报,6.80亿,11.21亿|2025半年报,6171.10万,3.81亿|2024年报,SH,上交所主板,10.95,26.61,1.20,11.01,国联民生,2.38,1,36.37|2025-10-31,625.43亿,否
11.97亿|2025三季报,581.47亿,3.24亿|2024三季报,-1.92,56.60|2025三季报,36.14,002080,0.67,否,2.51亿|2025一季报,False,-0.68,4,269.72|2025三季报,13.46亿,8.08亿|2025半年报,3823.96万,3.84亿|2024年报,SZ,深交所主板,34.62,29.47,2.96,34.65,中材科技,2.28,0,46.26|2025-10-31,581.47亿,否
24.29亿|2025三季报,779.97亿,7.29亿|2024三季报,0.47,67.58|2025三季报,4.39,000100,1.43,否,9.58亿|2025一季报,False,0.02,5,233.33|2025三季报,21.76亿,15.59亿|2025半年报,5.00亿,2.98亿|2024年报,SZ,深交所主板,4.31,22.07,1.47,4.31,TCL科技,2.76,0,44.86|2025-10-31,896.52亿,否
7.87亿|2025三季报,645.33亿,2.90亿|2024三季报,-2.76,65.52|2025三季报,22.36,600673,0.68,否,2.67亿|2025一季报,False,-0.61,6,171.77|2025三季报,9.12亿,4.81亿|2025半年报,4185.59万,3.27亿|2024年报,SH,上交所主板,21.43,53.59,6.65,21.50,东阳光,1.39,1,78.44|2025-10-31,647.05亿,否
31.99亿|2025三季报,953.55亿,11.84亿|2024三季报,-2.11,32.97|2025三季报,36.43,600160,0.85,否,7.89亿|2025一季报,False,-0.76,7,170.13|2025三季报,10.83亿,20.26亿|2025半年报,3031.84万,19.03亿|2024年报,SH,上交所主板,35.22,22.02,4.67,35.32,巨化股份,1.12,1,24.34|2025-10-31,953.55亿,否
12.84亿|2025三季报,511.26亿,5.31亿|2024三季报,-1.11,47.18|2025三季报,91.38,603486,0.74,否,3.56亿|2025一季报,False,-1.00,8,141.99|2025三季报,3.99亿,8.60亿|2025半年报,442.44万,7.16亿|2024年报,SH,上交所主板,89.30,27.38,6.02,89.40,科沃斯,0.77,1,35.22|2025-10-31,517.66亿,否
1.61亿|2025三季报,450.53亿,-5.48亿|2024三季报,-0.19,69.81|2025三季报,5.29,601162,0.57,否,2893.09万|2025一季报,False,-0.01,9,129.33|2025三季报,8.78亿,2387.79万|2025半年报,1.67亿,1373.78万|2024年报,SH,上交所主板,5.24,258.55,1.92,5.24,天风证券,1.94,1,73.10|2025-10-31,527.88亿,否
64.86亿|2025三季报,1077.33亿,28.39亿|2024三季报,-1.68,84.60|2025三季报,37.67,601995,0.94,否,20.08亿|2025一季报,False,-0.63,10,128.46|2025三季报,13.38亿,42.43亿|2025半年报,3601.96万,56.56亿|2024年报,SH,上交所主板,36.85,20.32,1.82,36.85,中金公司,1.23,1,19.12|2025-10-31,1778.84亿,否
26.12亿|2025三季报,656.51亿,11.56亿|2024三季报,1.80,39.40|2025三季报,17.05,600176,1.46,否,7.44亿|2025一季报,False,0.29,11,125.91|2025三季报,11.88亿,17.01亿|2025半年报,7102.76万,17.88亿|2024年报,SH,上交所主板,16.40,19.17,2.08,16.40,中国巨石,1.77,1,20.24|2025-10-31,656.51亿,否
43.82亿|2025三季报,2701.70亿,19.72亿|2024三季报,-0.39,63.88|2025三季报,36.76,600150,0.92,否,11.17亿|2025一季报,False,-0.14,12,122.24|2025三季报,30.05亿,28.91亿|2025半年报,8298.03万,30.72亿|2024年报,SH,上交所主板,35.86,34.63,1.91,35.90,中国船舶,1.10,1,49.28|2025-10-31,2701.70亿,否
7.56亿|2025三季报,763.54亿,3.43亿|2024三季报,-1.98,17.08|2025三季报,186.00,603893,0.78,否,2.08亿|2025一季报,False,-3.67,13,120.11|2025三季报,15.48亿,5.16亿|2025半年报,846.14万,5.38亿|2024年报,SH,上交所主板,181.04,73.48,17.98,181.45,瑞芯微,2.01,1,80.32|2025-10-31,763.76亿,否
79.49亿|2025三季报,1232.69亿,37.40亿|2024三季报,0.37,80.67|2025三季报,5.59,000166,1.45,否,19.51亿|2025一季报,False,0.02,14,112.51|2025三季报,8.78亿,42.18亿|2025半年报,1.59亿,50.72亿|2024年报,SZ,深交所主板,5.47,12.81,1.23,5.47,申万宏源,0.71,0,14.76|2025-10-31,1369.68亿,否
126.39亿|2025三季报,1587.03亿,63.19亿|2024三季报,-4.53,79.97|2025三季报,22.65,601688,1.24,否,36.14亿|2025一季报,False,-1.03,15,100.04|2025三季报,35.45亿,74.56亿|2025半年报,1.61亿,90.34亿|2024年报,SH,上交所主板,21.72,11.55,1.14,21.72,华泰证券,2.20,1,12.77|2025-10-31,1960.63亿,否
37.77亿|2025三季报,677.50亿,19.28亿|2024三季报,-1.32,80.39|2025三季报,8.39,601901,1.16,否,11.87亿|2025一季报,False,-0.11,16,95.91|2025三季报,11.92亿,23.63亿|2025半年报,1.44亿,27.93亿|2024年报,SH,上交所主板,8.23,13.37,1.34,8.23,方正证券,1.75,1,14.59|2025-10-31,677.50亿,否
20.26亿|2025三季报,495.68亿,10.38亿|2024三季报,0.44,33.85|2025三季报,30.38,600988,0.91,否,4.88亿|2025一季报,False,0.13,17,95.14|2025三季报,13.99亿,11.12亿|2025半年报,4667.46万,17.00亿|2024年报,SH,上交所主板,29.59,20.63,4.52,29.79,赤峰黄金,2.81,1,21.06|2025-10-31,566.13亿,否
24.78亿|2025三季报,594.16亿,12.85亿|2024三季报,0.00,78.75|2025三季报,7.02,601377,0.84,否,5.04亿|2025一季报,False,0.00,18,92.81|2025三季报,9.72亿,12.89亿|2025半年报,1.41亿,20.23亿|2024年报,SH,上交所主板,6.84,17.68,1.06,6.88,兴业证券,1.63,1,18.48|2025-10-31,594.16亿,否
39.45亿|2025三季报,1302.65亿,20.94亿|2024三季报,-0.74,62.93|2025三季报,36.97,600547,1.14,否,10.30亿|2025一季报,False,-0.27,19,88.43|2025三季报,19.01亿,28.10亿|2025半年报,5229.33万,29.91亿|2024年报,SH,上交所主板,35.80,31.50,5.46,36.04,山东黄金,1.45,1,34.31|2025-10-31,1661.42亿,否
91.33亿|2025三季报,1349.59亿,48.57亿|2024三季报,-1.34,77.30|2025三季报,14.44,002736,0.91,否,23.26亿|2025一季报,False,-0.19,20,88.02|2025三季报,9.50亿,53.72亿|2025半年报,6696.32万,81.83亿|2024年报,SZ,深交所主板,14.03,11.80,1.48,14.04,国信证券,0.70,0,11.54|2025-10-31,1437.94亿,否
89.72亿|2025三季报,1352.27亿,49.06亿|2024三季报,-1.18,49.10|2025三季报,18.86,600989,0.49,否,25.97亿|2025一季报,False,-0.22,21,82.85|2025三季报,7.91亿,55.79亿|2025半年报,4263.83万,67.80亿|2024年报,SH,上交所主板,18.31,11.33,2.94,18.44,宝丰能源,0.58,1,12.47|2025-10-31,1352.27亿,否
23.79亿|2025三季报,1539.66亿,13.13亿|2024三季报,-7.48,45.39|2025三季报,70.50,600183,0.94,否,5.60亿|2025一季报,False,-5.20,22,81.25|2025三季报,39.69亿,13.78亿|2025半年报,6047.57万,16.75亿|2024年报,SH,上交所主板,63.80,47.95,10.06,64.30,生益科技,2.53,1,56.97|2025-10-31,1561.92亿,否
163.04亿|2025三季报,2615.14亿,90.35亿|2024三季报,0.21,83.13|2025三季报,19.60,601211,0.73,否,32.93亿|2025一季报,False,0.04,23,80.46|2025三季报,23.48亿,72.79亿|2025半年报,1.21亿,124.40亿|2024年报,SH,上交所主板,19.33,11.61,1.09,19.38,国泰海通,0.89,1,17.33|2025-10-31,3416.49亿,否
22.51亿|2025三季报,61.04亿,13.08亿|2024三季报,-1.14,55.25|2025三季报,12.59,601061,0.63,否,5.87亿|2025一季报,False,-0.14,24,72.06|2025三季报,4.20亿,13.85亿|2025半年报,3442.71万,18.20亿|2024年报,SH,上交所主板,12.00,19.25,2.52,12.18,中信金属,6.87,1,21.60|2025-10-31,596.82亿,否
7.57亿|2025三季报,1557.05亿,4.45亿|2024三季报,-3.80,40.67|2025三季报,111.39,603019,0.97,否,1.07亿|2025一季报,False,-4.20,25,70.17|2025三季报,54.61亿,5.69亿|2025半年报,5089.78万,13.72亿|2024年报,SH,上交所主板,105.51,120.91,7.39,106.45,中科曙光,3.48,1,92.49|2025-10-31,1557.49亿,否
145.37亿|2025三季报,2975.33亿,85.52亿|2024三季报,-3.18,48.57|2025三季报,17.64,603993,0.63,否,39.28亿|2025一季报,False,-0.56,26,69.98|2025三季报,34.96亿,87.24亿|2025半年报,2.03亿,131.19亿|2024年报,SH,上交所主板,16.94,19.15,4.69,17.04,洛阳钼业,1.16,1,19.08|2025-10-31,3645.59亿,否
70.47亿|2025三季报,1701.22亿,42.64亿|2024三季报,-1.69,82.52|2025三季报,26.78,601066,1.01,否,18.35亿|2025一季报,False,-0.45,27,65.28|2025三季报,4.14亿,44.71亿|2025半年报,1568.12万,72.40亿|2024年报,SH,上交所主板,26.19,21.49,2.48,26.19,中信建投,0.24,1,20.27|2025-10-31,2031.48亿,否
107.11亿|2025三季报,1332.54亿,64.86亿|2024三季报,-4.16,83.27|2025三季报,23.70,000776,1.25,否,27.32亿|2025一季报,False,-0.98,28,65.14|2025三季报,27.84亿,63.11亿|2025半年报,1.22亿,89.15亿|2024年报,SZ,深交所主板,22.56,11.77,1.35,22.57,广发证券,2.07,0,13.06|2025-10-31,1716.64亿,否
17.93亿|2025三季报,56.34亿,10.93亿|2024三季报,0.31,10.19|2025三季报,6.57,001391,0.93,否,5.42亿|2025一季报,False,0.02,29,64.05|2025三季报,8826.94万,11.98亿|2025半年报,1347.05万,19.37亿|2024年报,SZ,深交所主板,6.53,32.72,3.07,6.56,国货航,1.57,0,30.37|2025-10-31,800.90亿,否
42.14亿|2025三季报,1074.65亿,26.18亿|2024三季报,-0.58,45.19|2025三季报,22.74,600489,1.03,否,12.68亿|2025一季报,False,-0.13,30,60.92|2025三季报,19.00亿,29.57亿|2025半年报,8550.40万,35.32亿|2024年报,SH,上交所主板,21.93,21.91,3.68,22.17,中金黄金,1.76,1,20.96|2025-10-31,1074.65亿,否
1679.53亿|2025三季报,9156.11亿,1046.74亿|2024三季报,-0.92,91.39|2025三季报,44.95,601628,1.10,否,288.59亿|2025一季报,False,-0.41,31,60.45|2025三季报,9.70亿,410.08亿|2025半年报,2186.93万,1071.22亿|2024年报,SH,上交所主板,43.90,5.55,1.99,43.97,中国人寿,0.11,1,7.29|2025-10-31,1.24万亿,否
21.82亿|2025三季报,1426.34亿,13.76亿|2024三季报,-8.12,43.65|2025三季报,231.50,002916,0.91,否,4.85亿|2025一季报,False,-18.96,32,58.56|2025三季报,25.04亿,12.65亿|2025半年报,1142.97万,17.40亿|2024年报,SZ,深交所主板,212.99,46.11,8.84,214.48,深南电路,1.72,0,56.17|2025-10-31,1430.03亿,否
109.75亿|2025三季报,1273.39亿,69.44亿|2024三季报,-0.68,82.30|2025三季报,17.86,601881,0.83,否,30.21亿|2025一季报,False,-0.12,33,58.05|2025三季报,7.33亿,64.85亿|2025半年报,4151.49万,99.95亿|2024年报,SH,上交所主板,17.56,13.14,1.64,17.58,中国银河,0.57,1,13.71|2025-10-31,1922.27亿,否
50.21亿|2025三季报,813.43亿,31.85亿|2024三季报,-4.05,81.95|2025三季报,11.24,600958,1.70,否,14.08亿|2025一季报,False,-0.46,34,57.63|2025三季报,20.59亿,33.74亿|2025半年报,1.88亿,32.42亿|2024年报,SH,上交所主板,10.89,13.58,1.17,10.89,东方证券,2.51,1,18.22|2025-10-31,925.28亿,否
9.89亿|2025三季报,531.97亿,6.35亿|2024三季报,0.80,66.32|2025三季报,20.83,600143,0.94,否,2.16亿|2025一季报,False,0.16,35,55.76|2025三季报,22.06亿,5.37亿|2025半年报,1.08亿,6.75亿|2024年报,SH,上交所主板,20.03,37.50,2.79,20.19,金发科技,4.10,1,51.72|2025-10-31,532.33亿,否
10.69亿|2025三季报,954.01亿,6.88亿|2024三季报,0.00,75.45|2025三季报,10.37,002493,0.90,否,6.18亿|2025一季报,False,0.00,36,55.37|2025三季报,2.92亿,7.55亿|2025半年报,2860.23万,7.62亿|2024年报,SZ,深交所主板,10.11,85.93,2.33,10.19,荣盛石化,0.31,0,89.04|2025-10-31,1017.92亿,否
13.51亿|2025三季报,132.16亿,8.74亿|2024三季报,-2.30,78.77|2025三季报,19.70,601059,0.76,否,2.00亿|2025一季报,False,-0.45,37,54.69|2025三季报,6.80亿,10.19亿|2025半年报,3521.98万,13.64亿|2024年报,SH,上交所主板,19.09,34.33,3.04,19.11,信达证券,5.09,1,33.66|2025-10-31,619.74亿,否
71.06亿|2025三季报,1876.23亿,46.28亿|2024三季报,-1.64,52.49|2025三季报,22.64,600031,0.83,否,24.03亿|2025一季报,False,-0.37,38,53.55|2025三季报,15.92亿,54.09亿|2025半年报,7129.47万,53.34亿|2024年报,SH,上交所主板,22.14,21.19,2.75,22.14,三一重工,0.84,1,25.81|2025-10-31,2016.07亿,否
317.70亿|2025三季报,1414.14亿,207.13亿|2024三季报,-4.36,94.52|2025三季报,71.29,601336,1.42,否,59.23亿|2025一季报,False,-3.09,39,53.38|2025三季报,22.28亿,148.49亿|2025半年报,3239.20万,263.01亿|2024年报,SH,上交所主板,67.51,4.83,2.10,67.81,新华保险,1.55,1,5.66|2025-10-31,2115.36亿,否
66.88亿|2025三季报,451.22亿,43.80亿|2024三季报,-3.19,66.22|2025三季报,3.79,601991,1.01,否,22.07亿|2025一季报,False,-0.12,40,52.69|2025三季报,6.36亿,44.89亿|2025半年报,1.73亿,45.04亿|2024年报,SH,上交所主板,3.63,7.53,1.92,3.64,大唐发电,1.39,1,9.89|2025-10-31,673.64亿,否
90.96亿|2025三季报,1865.94亿,59.97亿|2024三季报,-4.60,62.74|2025三季报,7.82,601766,3.01,否,28.06亿|2025一季报,False,-0.37,41,51.67|2025三季报,23.41亿,66.61亿|2025半年报,3.05亿,101.43亿|2024年报,SH,上交所主板,7.59,16.57,1.30,7.67,中国中车,1.25,1,16.62|2025-10-31,2201.20亿,否
18.67亿|2025三季报,531.48亿,12.46亿|2024三季报,-0.17,78.55|2025三季报,11.73,601878,0.82,否,5.55亿|2025一季报,False,-0.02,42,49.75|2025三季报,4.53亿,11.33亿|2025半年报,3880.17万,19.12亿|2024年报,SH,上交所主板,11.61,21.07,1.45,11.62,浙商证券,0.85,1,20.99|2025-10-31,531.48亿,否
6.78亿|2025三季报,490.89亿,4.54亿|2024三季报,-4.26,39.94|2025三季报,65.85,002281,0.84,否,1.41亿|2025一季报,False,-2.80,43,49.29|2025三季报,26.17亿,3.60亿|2025半年报,4080.89万,6.30亿|2024年报,SZ,深交所主板,62.91,53.01,5.20,62.98,光迅科技,5.24,0,59.52|2025-10-31,508.16亿,否
27.56亿|2025三季报,924.23亿,18.47亿|2024三季报,-2.21,7.79|2025三季报,61.18,000408,0.93,否,7.50亿|2025一季报,False,-1.33,44,49.27|2025三季报,6.79亿,18.08亿|2025半年报,1140.11万,25.47亿|2024年报,SZ,深交所主板,58.76,25.20,6.12,58.86,藏格矿业,0.73,0,26.74|2025-10-31,924.23亿,否
33.92亿|2025三季报,1010.49亿,22.83亿|2024三季报,3.19,50.86|2025三季报,18.47,600415,1.24,否,7.95亿|2025一季报,False,0.57,45,48.59|2025三季报,11.10亿,16.68亿|2025半年报,6077.43万,29.83亿|2024年报,SH,上交所主板,17.98,21.92,4.56,18.43,小商品城,1.11,1,24.70|2025-10-31,1010.62亿,否
26.76亿|2025三季报,1364.43亿,18.06亿|2024三季报,-6.26,46.78|2025三季报,76.22,002463,0.96,否,7.45亿|2025一季报,False,-4.74,46,48.17|2025三季报,46.19亿,16.44亿|2025半年报,6397.64万,25.46亿|2024年报,SZ,深交所主板,70.65,37.69,9.79,70.96,沪电股份,3.33,0,39.97|2025-10-31,1365.53亿,否
216.57亿|2025三季报,1.43万亿,147.34亿|2024三季报,-7.66,63.82|2025三季报,78.67,601138,1.17,否,49.03亿|2025一季报,False,-5.97,47,46.99|2025三季报,181.81亿,116.68亿|2025半年报,2.46亿,234.14亿|2024年报,SH,上交所主板,71.50,47.69,8.85,72.00,工业富联,1.24,1,47.13|2025-10-31,1.43万亿,否
80.35亿|2025三季报,1605.34亿,54.88亿|2024三季报,1.80,40.65|2025三季报,7.55,600019,2.05,否,23.99亿|2025一季报,False,0.13,48,46.41|2025三季报,15.26亿,47.40亿|2025半年报,2.05亿,68.41亿|2024年报,SH,上交所主板,7.28,15.13,0.79,7.37,宝钢股份,0.94,1,17.10|2025-10-31,1605.34亿,否
44.94亿|2025三季报,1312.30亿,30.70亿|2024三季报,-1.31,13.97|2025三季报,25.88,000792,1.11,否,11.44亿|2025一季报,False,-0.33,49,46.37|2025三季报,30.33亿,25.09亿|2025半年报,1.20亿,44.01亿|2024年报,SZ,深交所主板,24.72,21.86,3.20,24.80,盐湖股份,2.27,0,22.53|2025-10-31,1312.31亿,否
24.79亿|2025三季报,580.43亿,16.94亿|2024三季报,-4.03,75.30|2025三季报,106.47,603296,0.86,否,7.61亿|2025一季报,False,-4.27,50,46.32|2025三季报,14.74亿,15.09亿|2025半年报,1427.85万,23.45亿|2024年报,SH,上交所主板,101.38,24.98,4.15,101.62,华勤技术,2.50,1,32.97|2025-10-31,1032.19亿,否
20.36亿|2025三季报,800.54亿,14.05亿|2024三季报,1.42,45.94|2025三季报,134.00,002028,0.84,否,4.37亿|2025一季报,False,1.84,51,44.87|2025三季报,11.14亿,12.36亿|2025半年报,848.72万,18.78亿|2024年报,SZ,深交所主板,129.02,35.11,7.10,131.35,思源电气,1.39,0,40.89|2025-10-31,1025.96亿,否
341.27亿|2025三季报,6279.32亿,237.47亿|2024三季报,-1.96,53.01|2025三季报,31.29,601899,0.71,否,98.81亿|2025一季报,False,-0.61,52,43.71|2025三季报,53.80亿,216.24亿|2025半年报,1.75亿,316.93亿|2024年报,SH,上交所主板,30.45,16.06,4.83,30.50,紫金矿业,0.85,1,19.27|2025-10-31,8106.16亿,否
7.78亿|2025三季报,644.16亿,5.41亿|2024三季报,-4.99,63.04|2025三季报,44.08,002156,0.86,否,1.04亿|2025一季报,False,-2.23,53,43.69|2025三季报,48.66亿,4.20亿|2025半年报,1.13亿,6.21亿|2024年报,SZ,深交所主板,42.41,56.15,4.24,42.45,通富微电,7.45,0,75.11|2025-10-31,644.22亿,否
11.04亿|2025三季报,802.18亿,7.75亿|2024三季报,-4.64,51.23|2025三季报,83.69,000988,0.73,否,3.09亿|2025一季报,False,-3.88,54,42.52|2025三季报,53.05亿,7.29亿|2025半年报,6526.62万,8.97亿|2024年报,SZ,深交所主板,79.74,45.56,7.36,79.82,华工科技,6.49,0,65.42|2025-10-31,802.59亿,否
95.22亿|2025三季报,2458.44亿,66.82亿|2024三季报,2.41,24.45|2025三季报,100.50,603259,1.01,否,23.29亿|2025一季报,False,2.34,55,42.51|2025三季报,65.14亿,55.82亿|2025半年报,6569.41万,99.88亿|2024年报,SH,上交所主板,96.55,18.42,4.18,99.40,药明康德,2.66,1,23.12|2025-10-31,2965.85亿,否
140.41亿|2025三季报,894.11亿,100.41亿|2024三季报,-2.98,63.78|2025三季报,8.37,600011,0.86,否,47.98亿|2025一季报,False,-0.25,56,39.83|2025三季报,8.04亿,88.06亿|2025半年报,9845.97万,105.22亿|2024年报,SH,上交所主板,8.09,6.45,1.91,8.13,华能国际,0.90,1,8.79|2025-10-31,1276.26亿,否
15.90亿|2025三季报,624.47亿,11.37亿|2024三季报,2.38,54.36|2025三季报,31.38,603659,2.23,否,4.74亿|2025一季报,False,0.68,57,39.82|2025三季报,32.94亿,9.92亿|2025半年报,1.09亿,10.63亿|2024年报,SH,上交所主板,28.50,27.55,3.16,29.23,璞泰来,5.10,1,41.19|2025-10-31,624.47亿,否
17.15亿|2025三季报,554.75亿,12.28亿|2024三季报,-2.33,49.23|2025三季报,37.11,600549,0.58,否,3.67亿|2025一季报,False,-0.85,58,39.63|2025三季报,21.77亿,9.23亿|2025半年报,6016.66万,15.19亿|2024年报,SH,上交所主板,35.54,23.86,3.38,35.70,厦门钨业,3.87,1,28.26|2025-10-31,566.77亿,否
28.44亿|2025三季报,501.29亿,20.56亿|2024三季报,-1.13,81.31|2025三季报,7.98,600061,0.91,否,6.73亿|2025一季报,False,-0.09,59,38.32|2025三季报,4.50亿,16.78亿|2025半年报,5702.65万,26.12亿|2024年报,SH,上交所主板,7.83,13.18,0.93,7.84,国投资本,0.89,1,14.75|2025-10-31,501.29亿,否
64.24亿|2025三季报,943.50亿,46.55亿|2024三季报,-2.76,73.33|2025三季报,5.43,600795,0.85,否,16.08亿|2025一季报,False,-0.15,60,37.99|2025三季报,8.00亿,34.10亿|2025半年报,1.51亿,46.66亿|2024年报,SH,上交所主板,5.25,10.44,1.54,5.29,国电电力,0.85,1,14.66|2025-10-31,943.50亿,否
154.73亿|2025三季报,1916.73亿,112.21亿|2024三季报,1.25,55.50|2025三季报,51.68,002714,1.44,否,45.09亿|2025一季报,False,0.62,61,37.90|2025三季报,22.46亿,106.77亿|2025半年报,4419.98万,187.47亿|2024年报,SZ,深交所主板,50.02,13.94,3.62,50.30,牧原股份,1.16,0,11.95|2025-10-31,2747.77亿,否
31.79亿|2025三季报,1490.27亿,23.08亿|2024三季报,-0.73,52.43|2025三季报,4.12,000725,1.36,否,13.52亿|2025一季报,False,-0.03,62,37.75|2025三季报,22.05亿,22.82亿|2025半年报,5.41亿,38.37亿|2024年报,SZ,深交所主板,4.05,24.76,1.14,4.06,京东方Ａ,1.47,0,32.26|2025-10-31,1519.00亿,否
230.00亿|2025三季报,3577.47亿,167.39亿|2024三季报,-1.01,84.17|2025三季报,29.87,600030,0.54,否,64.37亿|2025一季报,False,-0.30,63,37.41|2025三季报,49.38亿,135.71亿|2025半年报,1.67亿,215.66亿|2024年报,SH,上交所主板,29.37,14.10,1.55,29.38,中信证券,1.37,1,15.65|2025-10-31,4354.28亿,否
53.33亿|2025三季报,737.96亿,38.82亿|2024三季报,0.04,28.25|2025三季报,24.45,002001,0.99,否,18.80亿|2025一季报,False,0.01,64,37.37|2025三季报,7.02亿,36.79亿|2025半年报,2902.88万,58.29亿|2024年报,SZ,深交所主板,23.92,10.53,2.32,24.30,新 和 成,0.96,0,10.26|2025-10-31,746.84亿,否
30.83亿|2025三季报,1839.58亿,22.48亿|2024三季报,-2.52,34.25|2025三季报,52.50,002050,0.85,否,8.53亿|2025一季报,False,-1.29,65,37.15|2025三季报,113.69亿,20.10亿|2025半年报,2.22亿,31.18亿|2024年报,SZ,深交所主板,49.80,48.61,6.64,49.93,三花智控,6.03,0,53.16|2025-10-31,2101.52亿,否
24.46亿|2025三季报,548.20亿,17.86亿|2024三季报,-0.50,19.16|2025三季报,22.33,000975,0.76,否,7.04亿|2025一季报,False,-0.11,66,36.96|2025三季报,5.80亿,15.98亿|2025半年报,2652.03万,22.12亿|2024年报,SZ,深交所主板,21.61,18.37,4.18,21.69,山金国际,1.05,0,20.97|2025-10-31,602.27亿,否
16.09亿|2025三季报,660.74亿,11.81亿|2024三季报,1.96,36.85|2025三季报,32.40,600009,2.99,否,5.13亿|2025一季报,False,0.62,67,36.29|2025三季报,7.21亿,10.27亿|2025半年报,2242.01万,14.09亿|2024年报,SH,上交所主板,31.79,36.88,1.91,32.29,上海机场,1.10,1,43.72|2025-10-31,803.53亿,否
24.19亿|2025三季报,526.78亿,17.77亿|2024三季报,-4.15,73.11|2025三季报,16.64,002202,0.91,否,5.55亿|2025一季报,False,-0.68,68,36.15|2025三季报,27.21亿,13.68亿|2025半年报,1.70亿,17.77亿|2024年报,SZ,深交所主板,15.65,19.25,1.73,15.70,金风科技,5.07,0,27.42|2025-10-31,663.34亿,否
30.60亿|2025三季报,1576.86亿,22.93亿|2024三季报,-1.24,37.34|2025三季报,132.75,603501,0.71,否,8.48亿|2025一季报,False,-1.64,69,33.45|2025三季报,19.75亿,19.51亿|2025半年报,1503.95万,30.57亿|2024年报,SH,上交所主板,130.55,36.84,5.74,130.71,豪威集团,1.25,1,41.24|2025-10-31,1576.86亿,否
35.40亿|2025三季报,1456.04亿,26.63亿|2024三季报,0.00,63.24|2025三季报,283.58,605499,0.70,否,9.59亿|2025一季报,False,0.00,70,32.92|2025三季报,4.67亿,22.70亿|2025半年报,166.44万,32.62亿|2024年报,SH,上交所主板,277.58,29.04,16.55,280.00,东鹏饮料,0.32,1,35.18|2025-10-31,1456.04亿,否
11.63亿|2025三季报,694.36亿,8.78亿|2024三季报,-3.98,27.02|2025三季报,85.13,002049,0.99,否,1.00亿|2025一季报,False,-3.39,71,32.34|2025三季报,26.04亿,6.53亿|2025半年报,3146.87万,9.26亿|2024年报,SZ,深交所主板,81.64,41.25,5.29,81.74,紫光国微,3.70,0,57.38|2025-10-31,694.48亿,否
40.12亿|2025三季报,1221.07亿,30.41亿|2024三季报,-1.04,59.44|2025三季报,67.07,603799,0.94,否,12.27亿|2025一季报,False,-0.68,72,31.92|2025三季报,61.81亿,25.87亿|2025半年报,9437.41万,37.95亿|2024年报,SH,上交所主板,64.20,21.86,2.58,64.81,华友钴业,5.01,1,25.78|2025-10-31,1228.86亿,否
25.42亿|2025三季报,727.04亿,19.41亿|2024三季报,-1.48,77.68|2025三季报,18.95,601788,0.91,否,6.87亿|2025一季报,False,-0.28,73,30.99|2025三季报,8.78亿,15.43亿|2025半年报,4688.70万,30.08亿|2024年报,SH,上交所主板,18.60,24.03,1.43,18.61,光大证券,1.20,1,23.77|2025-10-31,858.07亿,否
468.03亿|2025三季报,2996.01亿,362.71亿|2024三季报,-2.99,77.98|2025三季报,8.84,601319,1.59,否,128.15亿|2025一季报,False,-0.26,74,29.04|2025三季报,9.02亿,265.26亿|2025半年报,1.06亿,429.28亿|2024年报,SH,上交所主板,8.42,5.98,1.19,8.44,中国人保,0.30,1,6.98|2025-10-31,3732.50亿,否
31.69亿|2025三季报,426.01亿,24.76亿|2024三季报,-1.30,44.26|2025三季报,14.69,601808,0.97,否,9.60亿|2025一季报,False,-0.19,75,27.98|2025三季报,3.14亿,19.39亿|2025半年报,2173.43万,32.29亿|2024年报,SH,上交所主板,14.34,16.05,1.49,14.39,中海油服,0.73,1,17.51|2025-10-31,686.63亿,否
17.23亿|2025三季报,531.88亿,13.48亿|2024三季报,-0.90,17.04|2025三季报,67.79,002595,0.58,否,5.01亿|2025一季报,False,-0.61,76,27.83|2025三季报,3.59亿,11.61亿|2025半年报,538.27万,18.87亿|2024年报,SZ,深交所主板,66.06,22.46,4.70,66.94,豪迈科技,0.68,0,23.68|2025-10-31,535.52亿,否
17.83亿|2025三季报,346.62亿,13.97亿|2024三季报,-3.25,39.51|2025三季报,51.50,002353,0.84,否,4.62亿|2025一季报,False,-1.68,77,27.62|2025三季报,4.47亿,12.31亿|2025半年报,889.52万,24.02亿|2024年报,SZ,深交所主板,49.71,21.24,2.31,50.00,杰瑞股份,1.28,0,18.36|2025-10-31,511.93亿,否
1420.57亿|2025三季报,6164.72亿,1119.68亿|2024三季报,-1.40,89.94|2025三季报,58.99,601318,0.81,否,302.59亿|2025一季报,False,-0.82,78,26.87|2025三季报,33.31亿,735.71亿|2025半年报,5725.42万,1173.92亿|2024年报,SH,上交所主板,57.80,5.91,1.06,57.83,中国平安,0.54,1,7.10|2025-10-31,1.05万亿,否
47.68亿|2025三季报,2343.03亿,37.63亿|2024三季报,-4.76,76.36|2025三季报,158.40,601127,1.67,否,3.94亿|2025一季报,False,-7.75,79,26.70|2025三季报,63.29亿,24.74亿|2025半年报,4046.60万,55.73亿|2024年报,SH,上交所主板,155.16,35.79,9.29,155.19,赛力斯,2.68,1,38.54|2025-10-31,2534.82亿,否
15.03亿|2025三季报,1124.97亿,11.87亿|2024三季报,-1.88,55.03|2025三季报,16.22,002600,0.77,否,3.58亿|2025一季报,False,-0.30,80,26.67|2025三季报,32.19亿,6.06亿|2025半年报,2.04亿,16.26亿|2024年报,SZ,深交所主板,15.55,44.12,4.85,15.63,领益智造,2.84,0,58.78|2025-10-31,1141.94亿,否
26.16亿|2025三季报,715.77亿,20.71亿|2024三季报,0.40,56.99|2025三季报,32.86,600066,0.93,否,6.42亿|2025一季报,False,0.13,81,26.30|2025三季报,7.26亿,15.50亿|2025半年报,2247.02万,34.69亿|2024年报,SH,上交所主板,31.57,16.31,5.34,32.33,宇通客车,1.01,1,17.83|2025-10-31,715.77亿,否
7.19亿|2025三季报,753.41亿,5.72亿|2024三季报,-0.84,55.24|2025三季报,49.58,600580,0.64,否,2.35亿|2025一季报,False,-0.41,82,25.66|2025三季报,40.84亿,4.81亿|2025半年报,8381.11万,6.35亿|2024年报,SH,上交所主板,48.11,69.03,7.04,48.23,卧龙电驱,5.37,1,96.33|2025-10-31,753.41亿,否
69.22亿|2025三季报,1352.02亿,55.51亿|2024三季报,0.07,49.79|2025三季报,68.41,600660,0.85,否,19.87亿|2025一季报,False,0.05,83,24.70|2025三季报,7.39亿,47.07亿|2025半年报,1089.86万,74.46亿|2024年报,SH,上交所主板,67.17,18.70,4.97,67.50,福耀玻璃,0.54,1,19.98|2025-10-31,1761.58亿,否
88.62亿|2025三季报,1286.23亿,71.46亿|2024三季报,-0.57,81.93|2025三季报,17.58,600999,0.76,否,23.07亿|2025一季报,False,-0.10,84,24.02|2025三季报,10.64亿,51.78亿|2025半年报,6116.54万,103.77亿|2024年报,SH,上交所主板,17.30,12.74,1.28,17.33,招商证券,0.82,1,12.46|2025-10-31,1507.11亿,否
107.16亿|2025三季报,1315.25亿,87.11亿|2024三季报,-3.10,46.38|2025三季报,10.30,601600,0.91,否,34.44亿|2025一季报,False,-0.32,85,23.03|2025三季报,42.85亿,69.41亿|2025半年报,4.25亿,119.79亿|2024年报,SH,上交所主板,9.95,11.82,2.33,9.99,中国铝业,3.23,1,12.25|2025-10-31,1713.85亿,否
60.02亿|2025三季报,988.37亿,48.89亿|2024三季报,1.33,65.86|2025三季报,10.82,000425,0.92,否,20.07亿|2025一季报,False,0.14,86,22.76|2025三季报,17.67亿,44.67亿|2025半年报,1.65亿,57.62亿|2024年报,SZ,深交所主板,10.32,15.69,2.09,10.64,徐工机械,1.78,0,18.19|2025-10-31,1250.52亿,否
28.84亿|2025三季报,837.61亿,23.56亿|2024三季报,-1.66,69.80|2025三季报,30.79,600021,0.73,否,8.08亿|2025一季报,False,-0.50,87,22.42|2025三季报,38.18亿,18.43亿|2025半年报,1.28亿,18.95亿|2024年报,SH,上交所主板,28.90,20.60,3.95,29.69,上海电力,4.54,1,34.57|2025-10-31,837.61亿,否
371.40亿|2025三季报,5295.56亿,303.77亿|2024三季报,1.46,60.54|2025三季报,76.83,000333,1.60,否,127.50亿|2025一季报,False,1.10,88,22.26|2025三季报,38.88亿,262.35亿|2025半年报,5097.42万,357.41亿|2024年报,SZ,深交所主板,75.10,11.62,2.66,76.40,美的集团,0.74,0,13.81|2025-10-31,5870.55亿,否
6.14亿|2025三季报,689.17亿,5.04亿|2024三季报,-0.36,67.93|2025三季报,45.98,600895,0.96,否,2.94亿|2025一季报,False,-0.16,89,21.76|2025三季报,27.25亿,3.67亿|2025半年报,6071.33万,9.27亿|2024年报,SH,上交所主板,43.64,83.83,5.16,44.50,张江高科,3.92,1,66.45|2025-10-31,689.17亿,否
59.37亿|2025三季报,927.53亿,48.79亿|2024三季报,-0.77,20.59|2025三季报,23.45,600585,1.17,否,16.63亿|2025一季报,False,-0.18,90,21.69|2025三季报,6.45亿,41.98亿|2025半年报,2776.38万,73.65亿|2024年报,SH,上交所主板,23.15,14.62,0.65,23.19,海螺水泥,0.69,1,14.59|2025-10-31,1228.91亿,否
55.89亿|2025三季报,4092.13亿,46.16亿|2024三季报,2.02,12.14|2025三季报,65.49,600276,1.34,否,18.63亿|2025一季报,False,1.27,91,21.08|2025三季报,53.86亿,42.73亿|2025半年报,8370.64万,61.78亿|2024年报,SH,上交所主板,63.20,55.52,7.16,64.15,恒瑞医药,1.31,1,59.54|2025-10-31,4257.76亿,否
62.11亿|2025三季报,460.41亿,51.44亿|2024三季报,-2.17,60.41|2025三季报,5.53,600027,0.78,否,18.96亿|2025一季报,False,-0.12,92,20.74|2025三季报,5.97亿,37.54亿|2025半年报,1.10亿,53.52亿|2024年报,SH,上交所主板,5.40,7.32,1.29,5.41,华电国际,1.29,1,9.79|2025-10-31,628.20亿,否
26.44亿|2025三季报,577.65亿,21.90亿|2024三季报,1.74,53.80|2025三季报,8.29,000157,1.65,否,8.74亿|2025一季报,False,0.14,93,20.69|2025三季报,9.95亿,19.25亿|2025半年报,1.21亿,25.54亿|2024年报,SZ,深交所主板,8.03,13.52,1.21,8.17,中联重科,1.71,0,23.50|2025-10-31,706.59亿,否
20.18亿|2025三季报,1023.43亿,16.81亿|2024三季报,0.08,57.55|2025三季报,12.45,000625,0.57,否,7.83亿|2025一季报,False,0.01,94,20.08|2025三季报,8.04亿,14.77亿|2025半年报,6485.07万,25.87亿|2024年报,SZ,深交所主板,12.37,30.15,1.59,12.39,长安汽车,0.79,0,42.00|2025-10-31,1228.36亿,否
51.02亿|2025三季报,2946.22亿,42.70亿|2024三季报,-2.03,50.90|2025三季报,420.23,002371,0.91,否,15.70亿|2025一季报,False,-8.45,95,19.47|2025三季报,30.75亿,31.81亿|2025半年报,751.14万,55.70亿|2024年报,SZ,深交所主板,404.00,43.11,8.18,407.05,北方华创,1.04,0,46.06|2025-10-31,2948.58亿,否
17.24亿|2025三季报,655.36亿,14.48亿|2024三季报,0.17,45.73|2025三季报,120.39,002920,0.56,否,4.97亿|2025一季报,False,0.20,96,19.02|2025三季报,9.13亿,11.52亿|2025半年报,765.64万,19.46亿|2024年报,SZ,深交所主板,118.21,29.67,4.83,118.48,德赛西威,1.38,0,31.84|2025-10-31,707.14亿,否
43.79亿|2025三季报,797.28亿,36.82亿|2024三季报,-2.50,23.21|2025三季报,23.52,000807,0.61,否,9.70亿|2025一季报,False,-0.59,97,18.93|2025三季报,11.84亿,27.56亿|2025半年报,5149.11万,42.58亿|2024年报,SZ,深交所主板,22.68,13.60,2.47,22.99,云铝股份,1.48,0,16.09|2025-10-31,797.28亿,否
101.03亿|2025三季报,1725.17亿,85.09亿|2024三季报,0.18,60.55|2025三季报,27.61,600887,1.38,否,46.29亿|2025一季报,False,0.05,98,18.73|2025三季报,15.15亿,70.16亿|2025半年报,5522.98万,60.11亿|2024年报,SH,上交所主板,27.30,12.47,3.08,27.41,伊利股份,0.88,1,22.80|2025-10-31,1733.78亿,否
41.77亿|2025三季报,970.75亿,35.19亿|2024三季报,0.62,47.78|2025三季报,59.13,002311,0.78,否,12.81亿|2025一季报,False,0.36,99,18.71|2025三季报,3.99亿,26.54亿|2025半年报,683.21万,45.39亿|2024年报,SZ,深交所主板,57.33,17.59,3.84,58.39,海大集团,0.41,0,18.69|2025-10-31,971.46亿,否
15.20亿|2025三季报,449.97亿,12.81亿|2024三季报,1.15,22.43|2025三季报,24.10,002517,0.82,否,5.16亿|2025一季报,False,0.27,100,18.65|2025三季报,10.84亿,9.39亿|2025半年报,4539.24万,15.99亿|2024年报,SZ,深交所主板,23.38,24.10,4.98,23.82,恺英网络,2.40,0,27.68|2025-10-31,508.90亿,否
95.42亿|2025三季报,4577.34亿,81.17亿|2024三季报,-3.14,67.01|2025三季报,66.88,002475,0.89,否,24.09亿|2025一季报,False,-2.04,101,17.55|2025三季报,111.59亿,55.99亿|2025半年报,1.73亿,116.94亿|2024年报,SZ,深交所主板,63.00,29.87,5.75,63.00,立讯精密,2.39,0,34.97|2025-10-31,4587.73亿,否
19.68亿|2025三季报,799.36亿,16.80亿|2024三季报,1.61,67.79|2025三季报,9.60,001979,1.25,否,3.86亿|2025一季报,False,0.15,102,17.11|2025三季报,5.67亿,9.62亿|2025半年报,5976.63万,24.49亿|2024年报,SZ,深交所主板,9.33,25.72,0.86,9.45,招商蛇口,0.71,0,31.29|2025-10-31,856.25亿,否
14.84亿|2025三季报,678.90亿,12.74亿|2024三季报,-1.13,16.40|2025三季报,36.00,002558,0.78,否,3.62亿|2025一季报,False,-0.40,103,16.50|2025三季报,18.53亿,8.07亿|2025半年报,5240.11万,16.23亿|2024年报,SZ,深交所主板,34.97,35.94,4.48,35.09,巨人网络,2.71,0,37.04|2025-10-31,678.90亿,否
13.34亿|2025三季报,959.20亿,11.46亿|2024三季报,-5.97,80.42|2025三季报,67.42,000977,1.34,否,4.27亿|2025一季报,False,-4.14,104,16.43|2025三季报,62.08亿,6.72亿|2025半年报,9435.65万,18.74亿|2024年报,SZ,深交所主板,65.15,48.60,4.56,65.23,浪潮信息,6.42,0,46.56|2025-10-31,960.27亿,否
22.45亿|2025三季报,1213.58亿,19.29亿|2024三季报,-9.61,31.42|2025三季报,56.01,002938,1.20,否,4.78亿|2025一季报,False,-5.59,105,16.37|2025三季报,28.02亿,11.49亿|2025半年报,5193.28万,35.31亿|2024年报,SZ,深交所主板,52.55,37.95,3.73,52.55,鹏鼎控股,2.25,0,31.66|2025-10-31,1218.14亿,否
20.09亿|2025三季报,1288.26亿,17.35亿|2024三季报,-0.44,18.55|2025三季报,99.90,601100,0.97,否,6.82亿|2025一季报,False,-0.42,106,15.78|2025三季报,8.84亿,14.50亿|2025半年报,906.15万,22.85亿|2024年报,SH,上交所主板,95.58,46.30,7.55,96.08,恒立液压,0.68,1,50.35|2025-10-31,1288.26亿,否
440.92亿|2025三季报,2429.99亿,383.15亿|2024三季报,-5.96,89.74|2025三季报,36.90,601601,2.01,否,96.24亿|2025一季报,False,-2.25,107,15.08|2025三季报,30.97亿,262.24亿|2025半年报,8615.56万,449.26亿|2024年报,SH,上交所主板,35.43,5.60,1.20,35.50,中国太保,1.26,1,6.74|2025-10-31,3415.22亿,否
168.92亿|2025三季报,1676.83亿,146.85亿|2024三季报,3.87,56.48|2025三季报,27.09,600690,3.09,否,53.64亿|2025一季报,False,1.00,108,15.03|2025三季报,28.19亿,117.02亿|2025半年报,1.06亿,178.05亿|2024年报,SH,上交所主板,26.11,10.86,2.13,26.81,海尔智家,1.69,1,12.57|2025-10-31,2514.90亿,否
157.49亿|2025三季报,1138.09亿,136.94亿|2024三季报,0.00,92.90|2025三季报,15.75,600926,1.46,否,59.68亿|2025一季报,False,0.00,109,15.01|2025三季报,11.08亿,115.59亿|2025半年报,7095.45万,167.62亿|2024年报,SH,上交所主板,15.40,5.37,0.86,15.70,杭州银行,0.98,1,6.05|2025-10-31,1138.09亿,否
42.89亿|2025三季报,736.38亿,37.39亿|2024三季报,-0.14,60.28|2025三季报,14.73,000708,0.72,否,13.73亿|2025一季报,False,-0.02,110,14.71|2025三季报,2.48亿,27.69亿|2025半年报,1699.37万,49.75亿|2024年报,SZ,深交所主板,14.45,12.75,1.77,14.59,中信特钢,0.34,0,13.33|2025-10-31,736.38亿,否
389.00亿|2025三季报,3826.84亿,339.61亿|2024三季报,-1.29,91.50|2025三季报,11.74,600000,0.92,否,175.81亿|2025一季报,False,-0.15,111,14.54|2025三季报,16.58亿,299.84亿|2025半年报,1.44亿,442.07亿|2024年报,SH,上交所主板,11.49,7.39,0.53,11.49,浦发银行,0.43,1,7.79|2025-10-31,3826.84亿,否
38.05亿|2025三季报,616.54亿,33.59亿|2024三季报,-0.59,66.09|2025三季报,29.33,601877,1.05,否,10.87亿|2025一季报,False,-0.17,112,13.29|2025三季报,7.98亿,25.33亿|2025半年报,2766.71万,36.78亿|2024年报,SH,上交所主板,28.50,11.06,1.41,28.69,正泰电器,1.29,1,14.95|2025-10-31,616.54亿,否
40.05亿|2025三季报,1119.27亿,35.41亿|2024三季报,-0.39,29.26|2025三季报,7.87,002027,0.89,否,9.88亿|2025一季报,False,-0.03,113,13.11|2025三季报,6.98亿,24.65亿|2025半年报,8982.13万,46.68亿|2024年报,SZ,深交所主板,7.71,19.80,6.80,7.75,分众传媒,0.62,0,21.81|2025-10-31,1119.27亿,否
25.56亿|2025三季报,432.71亿,22.61亿|2024三季报,-1.82,25.16|2025三季报,20.90,002236,0.56,否,5.04亿|2025一季报,False,-0.38,114,13.04|2025三季报,13.64亿,17.96亿|2025半年报,6611.79万,23.47亿|2024年报,SZ,深交所主板,20.40,14.26,1.76,20.45,大华股份,3.12,0,25.44|2025-10-31,672.14亿,否
24.30亿|2025三季报,588.81亿,21.53亿|2024三季报,-0.93,55.24|2025三季报,7.68,600236,1.78,否,5.39亿|2025一季报,False,-0.07,115,12.84|2025三季报,1.47亿,11.90亿|2025半年报,1951.19万,24.28亿|2024年报,SH,上交所主板,7.41,18.25,3.30,7.47,桂冠电力,0.25,1,21.77|2025-10-31,588.81亿,否
51.55亿|2025三季报,2119.14亿,46.15亿|2024三季报,0.34,15.38|2025三季报,38.19,603288,1.10,否,21.47亿|2025一季报,False,0.13,116,11.72|2025三季报,6.40亿,38.17亿|2025半年报,1681.76万,60.69亿|2024年报,SH,上交所主板,37.77,31.43,5.64,38.11,海天味业,0.30,1,33.74|2025-10-31,2230.13亿,否
32.80亿|2025三季报,600.51亿,29.45亿|2024三季报,1.40,54.84|2025三季报,19.60,600803,1.45,否,9.89亿|2025一季报,False,0.27,117,11.39|2025三季报,3.46亿,24.14亿|2025半年报,1782.61万,37.11亿|2024年报,SH,上交所主板,18.97,13.24,2.55,19.52,新奥股份,0.58,1,14.94|2025-10-31,604.55亿,否
52.24亿|2025三季报,636.64亿,47.03亿|2024三季报,4.75,78.90|2025三季报,9.50,600039,1.91,否,17.76亿|2025一季报,False,0.43,118,11.10|2025三季报,6.33亿,27.20亿|2025半年报,6741.34万,63.40亿|2024年报,SH,上交所主板,9.04,11.67,1.66,9.48,四川路桥,1.00,1,12.01|2025-10-31,824.34亿,否
76.23亿|2025三季报,1667.56亿,68.76亿|2024三季报,-0.73,43.45|2025三季报,5.47,600050,1.05,否,22.74亿|2025一季报,False,-0.04,119,10.87|2025三季报,14.01亿,55.80亿|2025半年报,2.58亿,66.99亿|2024年报,SH,上交所主板,5.40,14.49,1.01,5.42,中国联通,0.84,1,22.76|2025-10-31,1694.53亿,否
27.26亿|2025三季报,472.36亿,24.69亿|2024三季报,-3.02,71.27|2025三季报,21.65,600875,0.98,否,10.58亿|2025一季报,False,-0.65,120,10.43|2025三季报,15.76亿,18.06亿|2025半年报,7487.78万,19.80亿|2024年报,SH,上交所主板,20.74,18.25,1.62,20.87,东方电气,3.31,1,32.25|2025-10-31,721.76亿,否
89.71亿|2025三季报,2973.56亿,81.51亿|2024三季报,-1.05,33.80|2025三季报,33.67,002415,1.00,否,19.26亿|2025一季报,False,-0.35,121,10.06|2025三季报,24.32亿,54.89亿|2025半年报,7338.07万,118.15亿|2024年报,SZ,深交所主板,32.80,24.24,3.84,32.87,海康威视,0.81,0,23.84|2025-10-31,3012.49亿,否
37.51亿|2025三季报,535.39亿,34.09亿|2024三季报,-2.95,17.56|2025三季报,4.81,600219,1.02,否,16.95亿|2025一季报,False,-0.14,122,10.02|2025三季报,22.11亿,26.11亿|2025半年报,4.74亿,49.08亿|2024年报,SH,上交所主板,4.59,10.64,1.03,4.61,南山铝业,4.08,1,10.20|2025-10-31,535.39亿,否
36.75亿|2025三季报,354.17亿,33.56亿|2024三季报,-1.35,35.02|2025三季报,20.81,001872,1.65,否,10.60亿|2025一季报,False,-0.28,123,9.49|2025三季报,1.13亿,25.19亿|2025半年报,549.93万,40.47亿|2024年报,SZ,深交所主板,20.35,10.04,0.80,20.53,招商港口,0.32,0,11.67|2025-10-31,509.50亿,否
22.79亿|2025三季报,676.10亿,20.83亿|2024三季报,-0.33,56.51|2025三季报,75.00,605117,0.78,否,6.13亿|2025一季报,False,-0.25,124,9.38|2025三季报,12.35亿,14.62亿|2025半年报,1663.55万,28.05亿|2024年报,SH,上交所主板,73.55,21.61,7.10,74.48,德业股份,1.83,1,22.53|2025-10-31,676.10亿,否
305.00亿|2025三季报,1978.27亿,279.61亿|2024三季报,2.18,92.97|2025三季报,10.89,600919,1.32,否,96.95亿|2025一季报,False,0.23,125,9.08|2025三季报,19.16亿,201.71亿|2025半年报,1.78亿,314.64亿|2024年报,SH,上交所主板,10.65,4.85,0.78,10.78,江苏银行,0.97,1,5.82|2025-10-31,1978.27亿,否
35.71亿|2025三季报,731.49亿,32.75亿|2024三季报,-1.31,25.77|2025三季报,3.84,601018,1.37,否,10.94亿|2025一季报,False,-0.05,126,9.06|2025三季报,3.41亿,23.06亿|2025半年报,9051.35万,39.15亿|2024年报,SH,上交所主板,3.74,14.16,0.92,3.76,宁波港,0.47,1,17.37|2025-10-31,731.49亿,否
2.91亿|2025三季报,595.89亿,2.67亿|2024三季报,-1.60,31.42|2025三季报,31.88,600570,1.31,否,999.47万|2025一季报,False,-0.51,127,8.90|2025三季报,12.16亿,1.92亿|2025半年报,3869.22万,8.34亿|2024年报,SH,上交所主板,31.06,98.19,6.59,31.46,恒生电子,2.04,1,69.44|2025-10-31,595.89亿,否
26.94亿|2025三季报,728.53亿,24.82亿|2024三季报,2.57,38.65|2025三季报,41.98,000963,1.76,否,8.97亿|2025一季报,False,1.04,128,8.53|2025三季报,6.29亿,17.62亿|2025半年报,1516.38万,33.52亿|2024年报,SZ,深交所主板,40.22,19.91,3.02,41.58,华东医药,0.87,0,20.47|2025-10-31,729.32亿,否
178.69亿|2025三季报,1398.32亿,164.86亿|2024三季报,2.26,92.73|2025三季报,11.37,601009,1.25,否,61.53亿|2025一季报,False,0.25,129,8.39|2025三季报,8.59亿,125.21亿|2025半年报,7664.33万,199.37亿|2024年报,SH,上交所主板,11.05,5.82,0.77,11.31,南京银行,0.62,1,6.56|2025-10-31,1398.32亿,否
224.95亿|2025三季报,1870.41亿,207.87亿|2024三季报,2.24,92.90|2025三季报,28.40,002142,1.53,否,74.33亿|2025一季报,False,0.62,130,8.22|2025三季报,14.28亿,147.65亿|2025半年报,5064.41万,273.02亿|2024年报,SZ,深交所主板,27.75,6.25,0.86,28.34,宁波银行,0.77,0,6.45|2025-10-31,1871.46亿,否
32.00亿|2025三季报,552.18亿,29.61亿|2024三季报,-1.55,48.10|2025三季报,13.60,002532,0.77,否,10.38亿|2025一季报,False,-0.21,131,8.08|2025三季报,8.02亿,19.61亿|2025半年报,6028.10万,43.09亿|2024年报,SZ,深交所主板,13.02,13.97,2.14,13.37,天山铝业,1.46,0,13.68|2025-10-31,621.96亿,否
9.56亿|2025三季报,711.76亿,8.86亿|2024三季报,-0.16,70.58|2025三季报,25.77,000768,0.77,否,2.98亿|2025一季报,False,-0.04,132,7.94|2025三季报,4.11亿,6.52亿|2025半年报,1600.53万,9.21亿|2024年报,SZ,深交所主板,25.55,53.96,3.27,25.67,中航西飞,0.58,0,72.02|2025-10-31,713.92亿,否
11.31亿|2025三季报,530.21亿,10.54亿|2024三季报,-6.26,55.09|2025三季报,26.22,601231,0.93,否,2.80亿|2025一季报,False,-1.61,133,7.23|2025三季报,13.77亿,5.78亿|2025半年报,5590.01万,14.51亿|2024年报,SH,上交所主板,23.98,31.48,2.85,24.09,环旭电子,2.54,1,34.72|2025-10-31,530.21亿,否
8.01亿|2025三季报,100.15亿,7.47亿|2024三季报,0.00,74.14|2025三季报,20.96,601136,0.64,否,1.49亿|2025一季报,False,0.00,134,7.21|2025三季报,2.56亿,4.84亿|2025半年报,1226.57万,9.69亿|2024年报,SH,上交所主板,20.74,53.06,4.14,20.80,首创证券,2.55,1,55.59|2025-10-31,568.53亿,否
106.75亿|2025三季报,611.61亿,99.66亿|2024三季报,0.58,91.56|2025三季报,6.98,601077,0.81,否,37.42亿|2025一季报,False,0.04,135,7.11|2025三季报,3.39亿,76.95亿|2025半年报,4921.25万,111.44亿|2024年报,SH,上交所主板,6.80,5.51,0.60,6.92,渝农商行,0.56,1,6.63|2025-10-31,785.90亿,否
46.39亿|2025三季报,1937.51亿,43.34亿|2024三季报,-0.45,43.18|2025三季报,25.06,600406,1.18,否,6.09亿|2025一季报,False,-0.11,136,7.04|2025三季报,16.78亿,28.04亿|2025半年报,6844.67万,73.89亿|2024年报,SH,上交所主板,24.19,30.06,3.95,24.23,国电南瑞,0.86,1,25.30|2025-10-31,1946.17亿,否
45.50亿|2025三季报,1004.47亿,42.65亿|2024三季报,0.32,25.36|2025三季报,56.86,000538,1.68,否,18.87亿|2025一季报,False,0.18,137,6.68|2025三季报,7.82亿,34.61亿|2025半年报,1385.36万,45.23亿|2024年报,SZ,深交所主板,55.90,15.87,2.54,56.66,云南白药,0.78,0,21.03|2025-10-31,1010.96亿,否
1071.06亿|2025三季报,955.04亿,1005.00亿|2024三季报,-0.61,33.96|2025三季报,106.68,600941,1.60,否,289.15亿|2025一季报,False,-0.65,138,6.57|2025三季报,15.11亿,783.66亿|2025半年报,1430.25万,1227.15亿|2024年报,SH,上交所主板,105.12,14.88,1.67,105.79,中国移动,1.58,1,17.69|2025-10-31,2.29万亿,否
646.81亿|2025三季报,1.79万亿,607.79亿|2024三季报,0.23,12.81|2025三季报,1435.98,600519,0.97,否,268.50亿|2025一季报,False,3.27,139,6.42|2025三季报,51.10亿,453.90亿|2025半年报,356.94万,862.41亿|2024年报,SH,上交所主板,1420.11,20.78,6.97,1430.01,贵州茅台,0.29,1,19.87|2025-10-31,1.79万亿,否
46.19亿|2025三季报,524.29亿,43.45亿|2024三季报,-1.13,47.38|2025三季报,29.47,600096,1.12,否,12.70亿|2025一季报,False,-0.33,140,6.32|2025三季报,11.69亿,26.96亿|2025半年报,4024.77万,51.90亿|2024年报,SH,上交所主板,28.68,8.32,2.16,28.76,云天化,2.21,1,9.59|2025-10-31,524.29亿,否
62.60亿|2025三季报,852.72亿,58.94亿|2024三季报,-5.21,60.88|2025三季报,43.30,600362,0.78,否,24.76亿|2025一季报,False,-2.26,141,6.20|2025三季报,31.65亿,43.49亿|2025半年报,7557.46万,82.87亿|2024年报,SH,上交所主板,41.05,17.72,1.74,41.09,江西铜业,3.64,1,16.44|2025-10-31,1422.84亿,否
23.40亿|2025三季报,546.74亿,22.08亿|2024三季报,-0.75,53.69|2025三季报,23.10,600487,0.90,否,5.46亿|2025一季报,False,-0.17,142,5.97|2025三季报,20.10亿,15.71亿|2025半年报,8891.12万,25.76亿|2024年报,SH,上交所主板,22.30,17.41,1.79,22.36,亨通光电,3.64,1,20.37|2025-10-31,551.56亿,否
94.65亿|2025三季报,711.24亿,89.65亿|2024三季报,-0.30,92.65|2025三季报,16.92,601838,0.68,否,29.93亿|2025一季报,False,-0.05,143,5.57|2025三季报,6.64亿,65.94亿|2025半年报,3954.56万,128.25亿|2024年报,SH,上交所主板,16.76,5.63,0.84,16.81,成都银行,0.93,1,5.35|2025-10-31,712.48亿,否
14.60亿|2025三季报,774.51亿,13.88亿|2024三季报,-3.63,81.61|2025三季报,27.50,000938,1.28,否,4.09亿|2025一季报,False,-1.02,144,5.15|2025三季报,26.63亿,11.18亿|2025半年报,9784.05万,14.56亿|2024年报,SZ,深交所主板,27.00,41.38,5.35,27.08,紫光股份,3.42,0,50.70|2025-10-31,774.51亿,否
49.22亿|2025三季报,465.97亿,46.86亿|2024三季报,0.02,37.35|2025三季报,65.95,600600,0.77,否,16.03亿|2025一季报,False,0.01,145,5.03|2025三季报,2.61亿,36.32亿|2025半年报,396.93万,39.51亿|2024年报,SH,上交所主板,65.51,12.75,2.86,65.71,青岛啤酒,0.56,1,21.41|2025-10-31,896.41亿,否
13.70亿|2025三季报,542.68亿,13.05亿|2024三季报,0.07,43.94|2025三季报,31.60,000426,1.13,否,3.74亿|2025一季报,False,0.02,146,5.01|2025三季报,19.29亿,8.01亿|2025半年报,6200.88万,15.39亿|2024年报,SZ,深交所主板,30.51,29.85,5.93,30.57,兴业银锡,3.49,0,33.84|2025-10-31,542.81亿,否
35.79亿|2025三季报,555.85亿,34.13亿|2024三季报,-1.79,51.06|2025三季报,25.35,000933,0.63,否,7.15亿|2025一季报,False,-0.45,147,4.87|2025三季报,9.74亿,20.10亿|2025半年报,3922.31万,41.14亿|2024年报,SZ,深交所主板,24.58,11.96,2.32,24.73,神火股份,1.75,0,13.00|2025-10-31,556.26亿,否
29.00亿|2025三季报,571.21亿,27.66亿|2024三季报,-2.99,57.92|2025三季报,24.83,601168,0.66,否,7.81亿|2025一季报,False,-0.74,148,4.83|2025三季报,10.35亿,18.34亿|2025半年报,4262.75万,29.47亿|2024年报,SH,上交所主板,23.95,14.54,3.23,23.97,西部矿业,1.79,1,18.54|2025-10-31,571.21亿,否
105.17亿|2025三季报,799.64亿,100.47亿|2024三季报,0.47,91.64|2025三季报,8.58,601825,0.99,否,35.41亿|2025一季报,False,0.04,149,4.68|2025三季报,1.74亿,69.93亿|2025半年报,2044.21万,118.40亿|2024年报,SH,上交所主板,8.43,5.84,0.65,8.53,沪农商行,0.22,1,6.68|2025-10-31,822.67亿,否
75.54亿|2025三季报,1771.20亿,72.20亿|2024三季报,-3.24,61.28|2025三季报,10.07,600025,2.20,否,15.21亿|2025一季报,False,-0.33,150,4.62|2025三季报,5.49亿,46.25亿|2025半年报,5565.39万,83.04亿|2024年报,SH,上交所主板,9.75,18.24,2.67,9.84,华能水电,0.31,1,21.23|2025-10-31,1833.30亿,否
42.53亿|2025三季报,643.79亿,40.87亿|2024三季报,-1.11,65.41|2025三季报,20.70,600741,1.00,否,11.56亿|2025一季报,False,-0.23,151,4.07|2025三季报,3.13亿,26.81亿|2025半年报,1525.75万,57.58亿|2024年报,SH,上交所主板,20.41,10.30,0.99,20.42,华域汽车,0.48,1,10.87|2025-10-31,643.79亿,否
181.12亿|2025三季报,1348.43亿,174.23亿|2024三季报,0.74,92.12|2025三季报,9.55,601229,0.85,否,62.64亿|2025一季报,False,0.07,152,3.95|2025三季报,5.28亿,132.44亿|2025半年报,5579.56万,236.15亿|2024年报,SH,上交所主板,9.41,5.60,0.56,9.49,上海银行,0.39,1,5.55|2025-10-31,1348.43亿,否
38.15亿|2025三季报,891.69亿,36.76亿|2024三季报,1.14,49.68|2025三季报,25.88,000895,2.43,否,10.61亿|2025一季报,False,0.29,153,3.78|2025三季报,4.05亿,22.15亿|2025半年报,1577.99万,48.13亿|2024年报,SZ,深交所主板,25.36,16.90,4.41,25.74,双汇发展,0.46,0,18.01|2025-10-31,891.80亿,否
42.38亿|2025三季报,602.94亿,40.88亿|2024三季报,1.59,54.02|2025三季报,18.27,002648,1.41,否,16.92亿|2025一季报,False,0.28,154,3.65|2025三季报,10.98亿,28.96亿|2025半年报,6077.39万,60.48亿|2024年报,SZ,深交所主板,17.85,12.05,1.88,17.91,卫星化学,1.81,0,9.74|2025-10-31,603.32亿,否
79.75亿|2025三季报,745.78亿,77.10亿|2024三季报,3.60,63.87|2025三季报,15.16,000338,3.10,否,24.85亿|2025一季报,False,0.52,155,3.43|2025三季报,30.48亿,51.48亿|2025半年报,2.04亿,105.27亿|2024年报,SZ,深交所主板,14.62,11.01,1.39,14.96,潍柴动力,4.08,0,12.08|2025-10-31,1303.55亿,否
2208.33亿|2025三季报,2.54万亿,2138.36亿|2024三季报,-1.24,93.40|2025三季报,8.07,601288,0.85,否,719.91亿|2025一季报,False,-0.10,156,3.27|2025三季报,30.36亿,1393.85亿|2025半年报,3.83亿,2815.61亿|2024年报,SH,上交所主板,7.86,9.46,1.02,7.96,农业银行,0.12,1,9.65|2025-10-31,2.79万亿,否
103.03亿|2025三季报,2539.24亿,100.11亿|2024三季报,-0.76,21.01|2025三季报,5.25,601816,1.29,否,29.64亿|2025一季报,False,-0.04,157,2.91|2025三季报,7.22亿,63.16亿|2025半年报,1.39亿,127.63亿|2024年报,SH,上交所主板,5.18,18.49,1.24,5.19,京沪高铁,0.28,1,19.45|2025-10-31,2539.24亿,否
529.56亿|2025三季报,3155.06亿,515.71亿|2024三季报,-1.28,91.49|2025三季报,7.83,601998,1.33,否,193.36亿|2025一季报,False,-0.10,158,2.69|2025三季报,7.05亿,363.35亿|2025半年报,9149.76万,680.62亿|2024年报,SH,上交所主板,7.62,6.05,0.60,7.74,中信银行,0.22,1,6.20|2025-10-31,4306.94亿,否
39.88亿|2025三季报,460.48亿,38.85亿|2024三季报,-1.27,25.01|2025三季报,8.74,601298,1.13,否,13.68亿|2025一季报,False,-0.11,159,2.65|2025三季报,2.24亿,26.90亿|2025半年报,2620.12万,50.77亿|2024年报,SH,上交所主板,8.51,9.95,1.22,8.54,青岛港,0.49,1,10.70|2025-10-31,554.34亿,否
65.01亿|2025三季报,1069.67亿,63.51亿|2024三季报,-0.83,61.16|2025三季报,14.54,600886,1.04,否,20.72亿|2025一季报,False,-0.12,160,2.35|2025三季报,3.39亿,37.77亿|2025半年报,2354.34万,64.90亿|2024年报,SH,上交所主板,14.30,13.22,1.73,14.35,国投电力,0.32,1,17.30|2025-10-31,1148.64亿,否
695.72亿|2025三季报,1872.00亿,681.59亿|2024三季报,1.27,91.67|2025三季报,7.19,601328,0.83,否,252.85亿|2025一季报,False,0.09,161,2.07|2025三季报,15.71亿,459.02亿|2025半年报,2.21亿,927.26亿|2024年报,SH,上交所主板,7.05,6.80,0.56,7.18,交通银行,0.85,1,6.74|2025-10-31,6344.52亿,否
76.68亿|2025三季报,160.83亿,75.36亿|2024三季报,-0.47,70.05|2025三季报,6.46,600930,0.95,否,28.88亿|2025一季报,False,-0.03,162,1.75|2025三季报,5.27亿,61.86亿|2025半年报,8206.07万,85.24亿|2024年报,SH,上交所主板,6.41,26.07,2.43,6.42,华电新能,3.28,1,30.94|2025-10-31,2678.06亿,否
767.72亿|2025三季报,3859.54亿,756.09亿|2024三季报,-2.71,93.73|2025三季报,5.90,601658,1.36,否,253.17亿|2025一季报,False,-0.16,163,1.54|2025三季报,13.61亿,493.33亿|2025半年报,2.36亿,855.76亿|2024年报,SH,上交所主板,5.71,6.76,0.68,5.75,邮储银行,0.35,1,7.96|2025-10-31,6905.47亿,否
1774.25亿|2025三季报,1.18万亿,1752.43亿|2024三季报,-0.71,91.38|2025三季报,5.67,601988,1.20,否,546.15亿|2025一季报,False,-0.04,164,1.25|2025三季报,27.17亿,1176.15亿|2025半年报,4.88亿,2367.89亿|2024年报,SH,上交所主板,5.49,7.63,0.68,5.61,中国银行,0.23,1,7.56|2025-10-31,1.81万亿,否
20.67亿|2025三季报,1028.76亿,20.46亿|2024三季报,-0.90,61.36|2025三季报,33.66,002241,0.90,否,2.92亿|2025一季报,False,-0.30,165,1.02|2025三季报,30.20亿,10.33亿|2025半年报,9141.22万,23.93亿|2024年报,SZ,深交所主板,32.56,33.70,3.19,32.85,歌尔股份,2.92,0,48.15|2025-10-31,1162.52亿,否
282.07亿|2025三季报,6746.04亿,279.84亿|2024三季报,-1.30,59.04|2025三季报,28.46,600900,1.36,否,52.33亿|2025一季报,False,-0.37,166,0.79|2025三季报,33.33亿,131.90亿|2025半年报,1.18亿,325.08亿|2024年报,SH,上交所主板,27.93,18.29,3.11,28.10,长江电力,0.49,1,21.01|2025-10-31,6875.57亿,否
2694.04亿|2025三季报,2.10万亿,2676.17亿|2024三季报,-0.77,92.06|2025三季报,7.87,601398,1.09,否,838.68亿|2025一季报,False,-0.06,167,0.67|2025三季报,28.62亿,1677.16亿|2025半年报,3.69亿,3642.77亿|2024年报,SH,上交所主板,7.67,7.70,0.73,7.78,工商银行,0.14,1,7.57|2025-10-31,2.77万亿,否
21.43亿|2025三季报,578.49亿,21.30亿|2024三季报,-0.35,40.49|2025三季报,17.35,600522,0.67,否,5.97亿|2025一季报,False,-0.06,168,0.61|2025三季报,14.27亿,14.68亿|2025半年报,8352.01万,25.45亿|2024年报,SH,上交所主板,16.91,18.55,1.58,16.95,中天科技,2.45,1,22.61|2025-10-31,578.49亿,否
1136.90亿|2025三季报,8435.18亿,1130.03亿|2024三季报,-0.75,89.92|2025三季报,41.30,600036,0.79,否,371.36亿|2025一季报,False,-0.31,169,0.61|2025三季报,28.82亿,748.19亿|2025半年报,7026.07万,1480.11亿|2024年报,SH,上交所主板,40.84,6.80,0.95,40.89,招商银行,0.34,1,6.94|2025-10-31,1.03万亿,否
114.11亿|2025三季报,2324.03亿,113.52亿|2024三季报,1.32,28.00|2025三季报,195.80,600809,1.59,否,66.56亿|2025一季报,False,2.49,170,0.53|2025三季报,18.09亿,85.16亿|2025半年报,937.21万,122.46亿|2024年报,SH,上交所主板,188.50,15.28,5.99,190.50,山西汾酒,0.77,1,18.89|2025-10-31,2324.03亿,否
67.78亿|2025三季报,1924.56亿,67.43亿|2024三季报,-1.47,49.99|2025三季报,40.41,002352,1.83,否,19.74亿|2025一季报,False,-0.60,171,0.52|2025三季报,22.62亿,45.51亿|2025半年报,5647.65万,91.46亿|2024年报,SZ,深交所主板,39.84,18.35,2.07,40.33,顺丰控股,1.18,0,22.14|2025-10-31,2032.40亿,否
2567.28亿|2025三季报,875.90亿,2555.65亿|2024三季报,-1.19,91.94|2025三季报,9.29,601939,1.20,否,832.73亿|2025一季报,False,-0.11,172,0.46|2025三季报,11.88亿,1615.98亿|2025半年报,1.30亿,3353.23亿|2024年报,SH,上交所主板,9.06,6.96,0.70,9.13,建设银行,1.36,1,7.10|2025-10-31,2.39万亿,否
628.27亿|2025三季报,4281.24亿,625.62亿|2024三季报,1.00,91.54|2025三季报,20.28,601166,1.06,否,236.81亿|2025一季报,False,0.20,173,0.42|2025三季报,17.93亿,428.40亿|2025半年报,8878.62万,767.72亿|2024年报,SH,上交所主板,20.09,5.09,0.55,20.23,兴业银行,0.42,1,5.56|2025-10-31,4281.24亿,否
286.97亿|2025三季报,5193.43亿,286.86亿|2024三季报,-2.19,46.89|2025三季报,6.86,601728,1.68,否,87.98亿|2025一季报,False,-0.15,174,0.04|2025三季报,10.70亿,217.21亿|2025半年报,1.59亿,307.42亿|2024年报,SH,上交所主板,6.69,14.92,1.34,6.69,中国电信,0.20,1,19.91|2025-10-31,6121.83亿,否
