SERIAL,CIRCULATION_MARKET_VALUE<140>,CHG,PEAK_PRICE<140>,TRADING_VOLUMES,VOLUME,MARKET_SHORT_NAME,SECURITY_CODE,BOTTOM_PRICE<140>,QRR,PE_DYNAMIC,PB,NEWEST_PRICE,SECURITY_SHORT_NAME,IF_DELISTING,TURNOVER_RATE,IFSTSTOCK{2025-10-17},MARKET_NUM,IN_OPTIONAL,PCHG,PETTM{2025-10-17},TOAL_MARKET_VALUE<140>
1,937.13亿,-4.24,358.34,25.79亿,742.85万,SZ,300033,339.10,0.97,182.19,26.88,340.15,同花顺,否,2.70,否,0,False,-15.07,93.19,1828.65亿
2,1639.94亿,-4.55,276.00,44.29亿,1669.11万,SH,688012,260.28,0.78,116.16,7.86,261.91,中微公司,否,2.67,否,1,False,-12.49,90.86,1639.94亿
3,1185.88亿,-2.47,148.88,6.96亿,480.37万,SH,688271,143.20,0.72,59.41,5.72,143.89,XD联影医,否,0.58,否,1,False,-3.64,90.55,1185.88亿
4,825.28亿,-5.03,63.00,29.44亿,4889.44万,SZ,002384,59.00,0.85,71.92,5.22,59.53,东山精密,否,3.53,否,0,False,-3.15,84.98,1090.36亿
5,678.50亿,-5.25,53.95,7.10亿,1362.48万,SH,688396,50.93,0.68,100.13,2.99,51.11,XD华润微,否,1.03,否,1,False,-2.83,82.65,678.50亿
6,1378.38亿,-2.61,306.80,21.06亿,702.20万,SH,688111,296.23,0.44,92.24,11.85,297.59,金山办公,否,1.52,否,1,False,-7.96,82.50,1378.38亿
7,773.26亿,-4.31,191.94,17.27亿,925.06万,SH,603893,183.70,0.77,72.81,19.50,183.76,瑞芯微,否,2.20,否,1,False,-8.27,82.00,773.48亿
8,610.52亿,-5.35,21.47,10.84亿,5247.99万,SH,600673,20.22,1.27,49.96,6.48,20.34,东阳光,否,1.75,否,1,False,-1.15,80.42,612.14亿
9,1580.31亿,-4.56,145.45,53.66亿,3820.19万,SH,688008,137.81,0.80,68.17,13.04,138.00,澜起科技,否,3.34,否,1,False,-6.60,79.91,1580.31亿
10,2218.05亿,-2.87,267.49,89.84亿,3454.43万,SZ,300476,253.40,0.76,52.20,20.42,259.36,胜宏科技,否,4.04,否,0,False,-7.67,78.82,2237.47亿
11,402.19亿,-2.55,85.51,30.43亿,3639.89万,SZ,300604,82.44,0.61,61.15,13.80,82.83,长川科技,否,7.50,否,0,False,-2.17,77.88,522.21亿
12,80.66亿,1.44,87.08,7.70亿,907.15万,SZ,301165,82.63,1.46,74.33,14.25,84.50,锐捷网络,否,9.50,否,0,False,1.20,77.04,672.16亿
13,588.32亿,-9.46,41.50,68.74亿,1.72亿,SZ,002156,38.68,0.76,71.39,3.99,38.77,通富微电,否,11.35,否,0,False,-4.05,76.71,588.37亿
14,594.22亿,-3.23,12.75,5.37亿,4307.08万,SH,600372,12.26,1.12,46.29,1.57,12.28,中航机载,否,0.89,否,1,False,-0.41,76.24,594.22亿
15,705.61亿,-0.92,47.00,48.09亿,1.05亿,SH,600580,44.98,0.84,65.67,6.75,45.17,卧龙电驱,否,6.71,否,1,False,-0.42,75.29,705.61亿
16,571.96亿,-5.12,72.66,7.53亿,1081.05万,SH,688183,68.51,0.90,53.91,12.64,68.76,生益电子,否,1.30,否,1,False,-3.71,74.63,571.96亿
17,1532.19亿,-2.63,108.19,47.02亿,4441.07万,SH,603019,103.70,0.69,120.41,7.28,104.75,中科曙光,否,3.04,否,1,False,-2.83,73.11,1532.61亿
18,1137.32亿,-2.76,151.70,24.12亿,1629.07万,SZ,300394,146.20,0.68,63.37,24.31,146.59,天孚通信,否,2.10,否,0,False,-4.16,71.74,1139.61亿
19,707.60亿,-2.78,26.33,6.67亿,2582.50万,SZ,000768,25.47,0.95,51.51,3.31,25.52,中航西飞,否,0.93,否,0,False,-0.73,67.26,709.75亿
20,512.00亿,-4.67,157.00,15.75亿,1046.12万,SZ,300857,147.80,0.62,59.42,14.12,148.35,协创数据,否,3.03,否,0,False,-7.26,67.03,513.47亿
21,1774.50亿,-3.83,67.99,21.40亿,3245.73万,SH,600760,64.42,0.84,80.54,8.48,64.57,中航沈飞,否,1.18,否,1,False,-2.57,62.86,1830.62亿
22,675.38亿,-6.05,46.68,28.78亿,6452.34万,SH,600895,43.50,0.68,91.48,5.11,43.61,XD张江高,否,4.17,否,1,False,-2.81,62.23,675.38亿
23,4130.15亿,1.81,381.91,173.59亿,4676.36万,SZ,300308,360.00,1.17,51.95,18.55,373.60,中际旭创,否,4.23,否,0,False,6.63,60.97,4151.14亿
24,767.55亿,-2.09,183.76,6.75亿,379.40万,SH,688082,173.97,0.71,60.70,6.66,176.00,盛美上海,否,0.87,否,1,False,-3.76,60.08,844.61亿
25,105.25亿,-0.64,22.37,7.13亿,3221.09万,SH,601136,21.85,1.25,60.94,4.35,21.86,首创证券,否,6.69,否,1,False,-0.14,59.86,597.51亿
26,674.82亿,-5.66,84.30,23.74亿,2925.56万,SZ,002049,79.23,0.87,48.77,5.31,79.44,紫光国微,否,3.44,否,0,False,-4.77,59.53,674.94亿
27,1299.97亿,-10.00,60.20,30.95亿,5566.09万,SH,600183,54.29,1.01,46.23,9.28,54.29,生益科技,否,2.32,否,1,False,-6.03,59.07,1318.85亿
28,4152.73亿,-2.60,67.40,22.99亿,3495.07万,SH,600276,65.00,0.60,48.55,7.39,65.10,恒瑞医药,否,0.55,否,1,False,-1.74,58.75,4320.82亿
29,1305.77亿,-2.56,201.88,13.52亿,683.27万,SZ,002916,193.00,0.68,48.13,8.60,196.35,深南电路,否,1.03,否,0,False,-5.15,58.18,1309.15亿
30,703.33亿,-3.68,42.64,20.49亿,4985.02万,SZ,002074,40.40,0.58,100.22,2.80,40.52,国轩高科,否,2.87,否,0,False,-1.55,56.43,734.91亿
31,46.54亿,-1.20,29.17,4.90亿,1719.74万,SZ,301656,27.64,0.65,61.08,7.47,27.89,联合动力,否,10.31,否,0,False,-0.34,55.88,670.70亿
32,2800.58亿,-2.60,326.66,97.84亿,3065.36万,SZ,300502,314.22,0.71,39.88,25.94,316.31,新易盛,否,3.46,否,0,False,-8.45,53.15,3144.03亿
33,166.65亿,-1.51,31.28,2.70亿,870.68万,SZ,300999,30.71,0.88,47.42,1.75,30.71,金龙鱼,否,1.60,否,0,False,-0.47,52.67,1664.97亿
34,300.99亿,-3.91,30.97,4.31亿,1440.69万,SZ,300413,29.39,0.67,36.10,2.41,29.46,芒果超媒,否,1.41,否,0,False,-1.20,51.85,551.11亿
35,778.86亿,-4.27,81.50,38.50亿,4913.08万,SZ,000988,77.34,0.78,42.76,7.43,77.50,华工科技,否,4.89,否,0,False,-3.46,51.85,779.26亿
36,1013.18亿,-6.49,15.08,36.32亿,2.51亿,SZ,002600,14.10,0.66,55.30,4.57,14.13,领益智造,否,3.50,否,0,False,-0.98,51.44,1028.52亿
37,2608.38亿,-1.79,35.61,28.17亿,8008.93万,SH,600150,34.60,0.93,44.27,1.56,34.66,中国船舶,否,1.06,否,1,False,-0.63,50.67,2608.38亿
38,745.65亿,-2.58,40.16,13.40亿,3424.36万,SZ,002558,38.30,0.85,47.98,5.42,38.54,巨人网络,否,1.77,否,0,False,-1.02,50.24,745.65亿
39,1596.05亿,0.93,44.89,103.07亿,2.37亿,SZ,002050,42.01,0.95,43.21,6.27,43.32,三花智控,否,6.43,否,0,False,0.40,49.35,1823.31亿
40,706.82亿,-5.32,41.58,33.64亿,8364.93万,SH,600584,39.47,0.72,75.07,2.54,39.50,长电科技,否,4.67,否,1,False,-2.22,48.38,706.82亿
41,774.80亿,-4.07,28.84,24.59亿,8890.13万,SZ,000938,27.05,0.84,37.22,5.49,27.09,紫光股份,否,3.11,否,0,False,-1.15,48.04,774.80亿
42,2889.91亿,-2.74,409.80,29.12亿,723.58万,SZ,002371,398.08,0.62,45.08,8.56,399.43,北方华创,否,1.00,否,0,False,-11.26,47.89,2892.23亿
43,590.02亿,-3.17,32.37,11.22亿,3548.64万,SH,600570,31.02,0.92,113.24,6.68,31.14,恒生电子,否,1.87,否,1,False,-1.02,46.32,590.02亿
44,530.11亿,-4.13,56.80,7.80亿,1416.46万,SH,603228,54.21,0.55,41.18,4.36,54.33,景旺电子,否,1.45,否,1,False,-2.34,46.04,535.03亿
45,502.19亿,-4.87,149.00,12.70亿,879.21万,SH,688120,142.00,0.76,49.68,7.14,142.10,华海清科,否,2.49,否,1,False,-7.27,45.81,502.19亿
46,1197.08亿,-5.02,93.70,8.12亿,897.19万,SH,601100,89.03,0.68,41.88,7.31,89.28,恒立液压,否,0.67,否,1,False,-4.72,45.17,1197.08亿
47,1.19万亿,-5.63,63.27,84.13亿,1.38亿,SH,601138,59.90,0.80,49.19,7.86,60.01,工业富联,否,0.69,否,1,False,-3.58,44.82,1.19万亿
48,518.83亿,-3.95,94.47,4.31亿,467.47万,SH,603486,90.50,1.03,26.82,6.57,90.75,科沃斯,否,0.82,否,1,False,-3.73,44.65,525.32亿
49,1420.10亿,-8.91,83.00,56.86亿,7265.52万,SZ,300014,76.28,0.91,48.61,4.05,76.29,亿纬锂能,否,3.90,否,0,False,-7.46,44.04,1560.69亿
50,1184.55亿,-0.48,197.55,3.93亿,200.28万,SH,600436,195.60,0.88,41.72,8.10,196.34,片仔癀,否,0.33,否,1,False,-0.94,43.91,1184.55亿
51,740.10亿,-3.73,47.33,8.54亿,1852.27万,SZ,300442,45.45,0.71,42.10,6.96,45.45,润泽科技,否,1.14,否,0,False,-1.76,43.54,742.81亿
52,283.15亿,-2.42,11.26,4.39亿,3964.19万,SH,601456,10.90,1.00,27.46,1.21,10.90,国联民生,否,1.53,否,1,False,-0.27,43.09,619.18亿
53,1464.21亿,1.61,42.11,36.53亿,8927.61万,SH,600547,40.00,1.02,33.25,7.00,40.51,山东黄金,否,2.47,否,1,False,0.64,42.67,1867.48亿
54,1835.04亿,-3.95,80.88,29.47亿,3747.69万,SZ,300124,77.47,0.71,35.28,6.89,77.59,汇川技术,否,1.58,否,0,False,-3.19,40.79,2094.69亿
55,563.58亿,-2.01,28.15,13.43亿,4953.95万,SH,603659,26.35,0.82,26.70,2.95,26.38,璞泰来,否,2.32,否,1,False,-0.54,40.60,563.58亿
56,1367.12亿,0.09,71.29,24.28亿,3453.26万,SH,601888,69.39,1.51,27.86,2.62,70.02,中国中免,否,1.77,否,1,False,0.06,40.42,1448.62亿
57,1141.41亿,-3.75,68.20,21.40亿,3224.04万,SH,601689,65.38,0.58,44.07,5.06,65.68,拓普集团,否,1.86,否,1,False,-2.56,40.20,1141.41亿
58,576.05亿,-5.34,35.05,32.18亿,9634.02万,SZ,000426,32.36,0.84,36.21,6.81,32.45,兴业银锡,否,5.43,否,0,False,-1.83,39.95,576.19亿
59,486.49亿,-1.81,23.28,3.46亿,1505.13万,SH,600845,22.78,0.66,45.93,6.18,22.80,宝信软件,否,0.71,否,1,False,-0.42,39.74,654.54亿
60,1575.64亿,1.71,309.00,7.12亿,234.43万,SH,605499,296.10,1.16,33.17,21.19,303.00,东鹏饮料,否,0.45,否,1,False,5.10,39.68,1575.64亿
61,1233.62亿,-4.58,66.91,30.24亿,4659.57万,SZ,002463,64.00,1.00,36.68,9.69,64.17,沪电股份,否,2.42,否,0,False,-3.08,39.45,1234.62亿
62,907.23亿,-5.73,51.50,16.91亿,3468.76万,SZ,300408,48.01,0.78,37.58,4.58,48.52,三环集团,否,1.86,否,0,False,-2.95,38.71,929.88亿
63,426.24亿,-3.38,31.27,7.64亿,2511.80万,SZ,300759,29.92,0.77,38.07,3.74,30.03,康龙化成,否,1.77,否,0,False,-1.05,38.66,533.99亿
64,1535.36亿,-4.12,132.62,26.08亿,2020.72万,SH,603501,127.20,0.75,37.86,5.91,127.27,豪威集团,否,1.68,否,1,False,-5.47,38.54,1535.36亿
65,965.13亿,-5.08,32.80,34.58亿,1.09亿,SZ,002241,31.06,0.67,38.54,3.22,31.20,歌尔股份,否,3.53,否,0,False,-1.67,38.23,1092.17亿
66,947.14亿,-4.45,67.81,36.81亿,5623.74万,SZ,000977,64.27,0.65,59.36,4.64,64.41,浪潮信息,否,3.82,否,0,False,-3.00,37.95,948.20亿
67,1359.81亿,-4.34,28.64,18.47亿,6662.25万,SZ,300433,27.20,0.85,63.24,3.02,27.35,蓝思科技,否,1.34,否,0,False,-1.24,37.01,1445.26亿
68,138.32亿,-1.62,20.79,15.22亿,7487.56万,SH,601059,20.00,1.38,31.66,3.20,20.00,信达证券,否,10.83,否,1,False,-0.33,36.54,648.60亿
69,640.89亿,-0.89,31.82,3.00亿,950.67万,SH,600009,31.30,1.02,37.32,1.86,31.32,上海机场,否,0.46,否,1,False,-0.28,36.03,779.39亿
70,494.61亿,-5.87,31.00,17.93亿,6077.18万,SZ,300207,28.85,0.76,31.15,2.20,28.86,欣旺达,否,3.55,否,0,False,-1.80,35.54,533.18亿
71,3325.37亿,-2.20,25.62,77.90亿,3.10亿,SZ,300059,24.81,0.79,35.28,4.59,24.86,东方财富,否,2.31,否,0,False,-0.56,35.33,3928.88亿
72,2341.37亿,-3.41,159.84,43.93亿,2796.99万,SH,601127,155.01,0.70,43.07,9.47,155.08,赛力斯,否,1.85,否,1,False,-5.47,34.88,2533.02亿
73,743.78亿,-2.14,4.21,17.00亿,4.10亿,SZ,000100,4.10,0.81,22.69,1.37,4.11,TCL科技,否,2.27,否,0,False,-0.09,34.86,854.92亿
74,1054.49亿,-0.67,70.65,3.42亿,486.61万,SZ,002304,69.78,0.85,12.14,2.15,70.00,洋河股份,否,0.32,否,0,False,-0.47,34.35,1054.51亿
75,581.67亿,-3.87,5.48,19.06亿,3.59亿,SZ,000630,5.20,0.62,24.29,1.96,5.22,铜陵有色,否,3.22,否,0,False,-0.21,33.84,699.97亿
76,645.02亿,-4.94,111.49,8.61亿,799.32万,SZ,002028,106.10,0.75,28.42,6.21,106.30,思源电气,否,1.31,否,0,False,-5.52,33.83,827.44亿
77,2173.08亿,-1.73,39.97,4.66亿,1179.98万,SH,603288,39.08,0.79,29.21,5.84,39.08,海天味业,否,0.21,否,1,False,-0.69,33.61,2286.89亿
78,995.34亿,0.24,12.68,10.92亿,8710.44万,SZ,300015,12.37,1.13,28.53,5.40,12.55,爱尔眼科,否,1.10,否,0,False,0.03,32.90,1170.34亿
79,499.94亿,-6.88,16.05,28.71亿,1.88亿,SZ,002202,14.85,0.93,21.16,1.68,14.90,金风科技,否,5.60,否,0,False,-1.10,32.10,629.54亿
80,1327.42亿,-4.72,11.30,22.07亿,2.03亿,SZ,000617,10.35,0.70,25.57,1.29,10.50,中油资本,否,1.60,否,0,False,-0.52,31.58,1327.42亿
81,353.67亿,-2.88,174.43,5.33亿,310.80万,SZ,300896,169.55,1.24,32.49,7.23,169.55,爱美客,否,1.49,否,0,False,-5.02,31.55,513.04亿
82,55.65亿,-1.07,6.57,1.28亿,1969.22万,SZ,001391,6.47,1.16,31.90,3.10,6.48,国货航,否,2.29,否,0,False,-0.07,31.30,791.14亿
83,1958.51亿,-9.99,53.88,160.78亿,3.20亿,SZ,000063,48.63,0.88,23.00,3.11,48.63,中兴通讯,否,7.94,否,0,False,-5.40,30.02,2326.23亿
84,953.01亿,-3.68,36.72,11.57亿,3243.79万,SH,600160,35.25,0.78,23.23,4.95,35.30,巨化股份,否,1.20,否,1,False,-1.35,29.97,953.01亿
85,159.08亿,-1.09,6.43,6.49亿,1.02亿,SH,600930,6.35,1.10,21.23,2.49,6.35,华电新能,否,4.06,否,1,False,-0.07,29.93,2648.86亿
86,2733.97亿,-2.35,231.49,16.97亿,746.37万,SZ,300760,225.28,0.86,26.97,7.00,225.50,迈瑞医疗,否,0.62,否,0,False,-5.43,29.79,2734.06亿
87,690.98亿,-9.95,137.97,24.69亿,1929.78万,SZ,002920,124.86,1.74,28.35,7.19,124.92,德赛西威,否,3.49,否,0,False,-13.81,29.02,693.24亿
88,1.52万亿,-2.81,375.00,115.89亿,3190.58万,SZ,300750,356.99,0.74,26.80,5.54,358.14,宁德时代,否,0.75,否,0,False,-10.36,28.00,1.63万亿
89,1209.89亿,2.21,25.50,31.40亿,1.25亿,SH,600489,24.57,0.85,22.45,4.28,24.96,中金黄金,否,2.59,否,1,False,0.54,27.89,1209.89亿
90,565.17亿,0.56,7.20,1.22亿,1711.62万,SH,600236,7.07,0.62,23.79,3.22,7.17,XD桂冠电,否,0.22,否,1,False,0.04,27.79,565.17亿
91,4031.53亿,-6.27,59.25,101.66亿,1.79亿,SZ,002475,55.40,0.70,30.41,5.45,55.49,立讯精密,否,2.47,否,0,False,-3.71,27.65,4040.68亿
92,515.81亿,-0.42,32.60,25.39亿,8028.31万,SH,600988,30.84,0.88,26.61,5.08,31.00,赤峰黄金,否,4.82,否,1,False,-0.13,27.27,589.13亿
93,1079.64亿,-4.36,48.77,10.65亿,2255.58万,SZ,002938,46.60,0.73,43.94,3.47,46.75,鹏鼎控股,否,0.98,否,0,False,-2.13,26.63,1083.69亿
94,521.54亿,-3.64,95.48,8.13亿,874.39万,SH,603296,91.07,0.66,24.55,3.93,91.31,华勤技术,否,1.53,否,1,False,-3.45,26.32,927.49亿
95,455.49亿,0.00,35.51,3.81亿,1085.33万,SZ,002422,34.68,0.82,27.85,2.37,34.88,科伦药业,否,0.83,否,0,False,0.00,26.09,557.40亿
96,796.29亿,-2.45,39.17,7.80亿,2023.26万,SZ,002179,38.16,1.03,28.21,3.46,38.27,中航光电,否,0.97,否,0,False,-0.96,25.96,810.66亿
97,728.60亿,-0.80,19.25,13.00亿,6852.29万,SH,601788,18.58,1.65,25.55,1.44,18.65,光大证券,否,1.75,否,1,False,-0.15,25.66,859.91亿
98,895.95亿,-2.15,18.21,9351.60万,521.73万,SZ,001289,17.74,0.76,22.01,1.99,17.77,龙源电力,否,0.10,否,0,False,-0.39,25.59,1485.54亿
99,346.58亿,-3.29,119.88,3.80亿,328.15万,SZ,300866,114.51,0.73,26.37,6.55,114.77,安克创新,否,1.09,否,0,False,-3.90,25.54,615.35亿
100,664.39亿,-1.88,25.20,35.62亿,1.49亿,SH,600021,23.06,0.85,17.40,3.22,23.55,上海电力,否,5.27,否,1,False,-0.45,25.28,664.39亿
101,525.46亿,1.94,54.24,5.58亿,1036.92万,SH,601021,52.47,1.55,22.48,3.00,53.71,XD春秋航,否,1.06,否,1,False,1.02,25.25,525.46亿
102,1051.61亿,-3.71,20.12,14.62亿,7480.89万,SH,600415,19.10,0.78,22.82,4.74,19.18,小商品城,否,1.36,否,1,False,-0.74,25.03,1051.76亿
103,1906.74亿,-4.54,23.45,17.32亿,7592.73万,SH,600031,22.43,0.89,18.28,2.69,22.50,三一重工,否,0.90,否,1,False,-1.07,25.03,1906.74亿
104,858.75亿,-4.70,57.77,11.86亿,2131.94万,SZ,000408,54.36,1.29,23.41,5.68,54.69,藏格矿业,否,1.36,否,0,False,-2.70,24.80,858.76亿
105,605.57亿,0.71,24.59,9.58亿,3972.47万,SZ,000975,23.77,0.87,20.85,4.90,23.96,山金国际,否,1.57,否,0,False,0.17,24.70,665.30亿
106,2990.75亿,-1.02,34.10,38.58亿,1.16亿,SZ,002415,32.63,0.84,24.38,4.05,33.06,海康威视,否,1.28,否,0,False,-0.34,24.10,3029.91亿
107,1468.24亿,-1.96,4.09,26.39亿,6.54亿,SZ,000725,4.00,0.87,23.05,1.13,4.00,京东方Ａ,否,1.78,否,0,False,-0.08,23.81,1496.56亿
108,608.43亿,-1.48,29.49,7.62亿,2629.17万,SH,600196,28.63,1.00,22.53,1.62,28.72,复星医药,否,1.24,否,1,False,-0.43,23.62,766.95亿
109,1169.43亿,-1.07,22.87,19.23亿,8605.23万,SZ,000792,22.05,0.80,23.25,2.99,22.10,盐湖股份,否,1.63,否,0,False,-0.24,23.55,1169.44亿
110,1839.95亿,-3.72,23.83,17.13亿,7364.97万,SH,600406,23.00,0.96,31.30,3.79,23.01,国电南瑞,否,0.92,否,1,False,-0.89,23.55,1848.18亿
111,1092.53亿,-2.35,38.45,9.79亿,2589.75万,SH,601995,37.30,0.89,20.83,1.88,37.37,中金公司,否,0.89,否,1,False,-0.90,23.14,1803.95亿
112,1698.62亿,-2.24,26.96,3.83亿,1444.02万,SH,601066,26.04,0.83,22.49,2.54,26.15,中信建投,否,0.22,否,1,False,-0.60,22.86,2028.38亿
113,860.22亿,-0.97,10.44,5.10亿,4961.59万,SZ,001979,10.16,0.72,31.82,0.94,10.17,招商蛇口,否,0.59,否,0,False,-0.10,22.64,921.49亿
114,519.58亿,-2.49,11.71,5.42亿,4705.97万,SH,601878,11.36,0.99,22.61,1.45,11.36,浙商证券,否,1.03,否,1,False,-0.29,22.63,519.58亿
115,3641.73亿,-2.37,106.63,65.77亿,6257.25万,SZ,002594,104.26,1.01,30.69,4.52,104.43,比亚迪,否,1.79,否,0,False,-2.53,22.60,9521.09亿
116,1157.95亿,-4.98,65.37,65.81亿,1.06亿,SH,603799,60.98,0.84,20.76,2.58,61.46,华友钴业,否,5.62,否,1,False,-3.22,22.47,1167.29亿
117,873.62亿,-5.01,80.88,10.17亿,1302.35万,SH,688036,76.53,0.88,36.02,4.41,76.61,传音控股,否,1.14,否,1,False,-4.04,22.34,873.62亿
118,954.47亿,-5.88,20.40,53.32亿,2.76亿,SH,600089,18.87,0.80,14.99,1.44,18.89,特变电工,否,5.45,否,1,False,-1.18,22.27,954.47亿
119,557.02亿,-2.27,6.65,5.88亿,8998.74万,SH,601377,6.45,0.98,20.94,1.01,6.45,兴业证券,否,1.04,否,1,False,-0.15,21.82,557.02亿
120,2308.42亿,-10.91,160.93,182.69亿,1.21亿,SZ,300274,144.98,1.08,19.46,7.42,145.21,阳光电源,否,7.62,否,0,False,-17.79,21.80,3010.51亿
121,446.79亿,-4.96,20.90,12.08亿,6001.21万,SH,600875,19.72,0.70,17.87,1.61,19.74,东方电气,否,2.65,否,1,False,-1.03,21.74,682.68亿
122,1707.05亿,-1.42,9.21,10.84亿,1.19亿,SH,601985,9.01,0.64,16.41,1.64,9.04,中国核电,否,0.63,否,1,False,-0.13,21.72,1859.35亿
123,1721.39亿,-1.65,27.96,11.85亿,4295.20万,SH,600887,27.31,0.87,12.01,3.25,27.35,伊利股份,否,0.68,否,1,False,-0.46,21.30,1729.99亿
124,1789.20亿,-0.60,10.05,3.21亿,3215.53万,SH,600025,9.89,0.84,20.09,2.81,9.94,华能水电,否,0.18,否,1,False,-0.06,21.20,1851.93亿
125,2389.19亿,-4.41,101.26,38.87亿,3964.19万,SH,603259,96.46,0.72,16.83,4.81,96.60,药明康德,否,1.60,否,1,False,-4.46,20.93,2882.31亿
126,1229.27亿,-0.46,4.35,7.67亿,1.78亿,SH,600905,4.29,1.04,16.11,1.39,4.30,三峡能源,否,0.62,否,1,False,-0.02,20.87,1229.27亿
127,1557.67亿,-1.49,4.03,7.19亿,1.81亿,SZ,003816,3.94,0.67,16.80,1.66,3.96,中国广核,否,0.46,否,0,False,-0.06,20.71,1999.75亿
128,847.79亿,-1.73,11.74,15.74亿,1.37亿,SH,600958,11.32,0.98,13.92,1.21,11.35,东方证券,否,1.83,否,1,False,-0.20,20.51,964.37亿
129,664.33亿,-1.47,8.25,9.08亿,1.11亿,SH,601901,8.05,0.82,13.93,1.33,8.07,方正证券,否,1.35,否,1,False,-0.12,20.50,664.33亿
130,1.82万亿,-2.01,1488.00,55.95亿,380.86万,SH,600519,1454.03,0.80,20.07,7.63,1455.00,贵州茅台,否,0.30,否,1,False,-29.91,20.26,1.82万亿
131,1015.63亿,0.63,61.35,3.39亿,559.20万,SZ,002311,59.39,0.83,18.40,4.22,61.09,海大集团,否,0.34,否,0,False,0.38,20.26,1016.38亿
132,1078.83亿,0.54,7.69,10.00亿,1.32亿,SZ,002027,7.43,0.97,20.24,6.60,7.47,分众传媒,否,0.91,否,0,False,0.04,20.25,1078.83亿
133,1557.42亿,0.00,7.27,6.66亿,9265.87万,SH,600019,7.12,0.78,15.96,0.76,7.15,宝钢股份,否,0.43,否,1,False,0.00,20.24,1557.42亿
134,6748.44亿,-0.18,28.38,32.36亿,1.15亿,SH,600900,28.06,1.12,26.34,3.33,28.11,长江电力,否,0.48,否,1,False,-0.05,20.12,6878.02亿
135,479.37亿,-0.79,68.50,3.60亿,529.23万,SH,600600,67.50,0.83,11.81,3.08,67.60,青岛啤酒,否,0.75,否,1,False,-0.54,20.01,922.20亿
136,649.51亿,-4.73,74.71,13.76亿,1907.47万,SH,605117,71.33,0.93,21.33,6.79,71.55,德业股份,否,2.10,否,1,False,-3.55,20.00,649.51亿
137,6211.38亿,-0.98,31.30,92.93亿,3.04亿,SH,601899,30.03,0.73,15.88,5.71,30.17,紫金矿业,否,1.48,否,1,False,-0.30,19.92,8018.45亿
138,1035.74亿,-5.11,11.73,12.38亿,1.10亿,SZ,000425,11.03,0.95,15.03,2.17,11.15,徐工机械,否,1.18,否,0,False,-0.60,19.86,1310.46亿
139,2524.56亿,-0.39,5.22,10.30亿,1.99亿,SH,601816,5.14,1.04,19.99,1.26,5.16,京沪高铁,否,0.41,否,1,False,-0.02,19.84,2524.56亿
140,1011.56亿,-1.13,57.95,5.15亿,895.58万,SZ,000538,57.00,0.89,14.01,2.64,57.06,云南白药,否,0.51,否,0,False,-0.65,19.60,1018.10亿
141,576.79亿,-5.16,18.15,22.98亿,1.33亿,SH,600522,16.84,0.97,18.40,1.62,16.90,中天科技,否,3.90,否,1,False,-0.92,19.58,576.79亿
142,796.10亿,-1.25,44.76,1.26亿,285.00万,SH,603195,44.20,0.85,19.41,5.44,44.21,公牛集团,否,0.16,否,1,False,-0.56,19.53,799.58亿
143,51.52亿,-3.11,10.82,3.08亿,2944.13万,SH,601061,10.25,0.73,17.39,2.24,10.28,中信金属,否,5.87,否,1,False,-0.33,19.52,503.72亿
144,704.28亿,-1.74,41.62,3.11亿,763.97万,SZ,000963,40.07,0.63,19.43,2.97,40.20,华东医药,否,0.44,否,0,False,-0.71,19.42,705.12亿
145,2389.91亿,-1.46,199.98,9.19亿,465.59万,SH,600809,195.52,0.85,14.05,6.66,195.90,山西汾酒,否,0.38,否,1,False,-2.90,19.37,2389.91亿
146,611.28亿,-3.54,15.86,8.02亿,5186.28万,SH,600176,15.20,0.93,18.12,1.99,15.27,中国巨石,否,1.30,否,1,False,-0.56,19.28,611.28亿
147,2626.11亿,-4.20,15.85,44.89亿,2.94亿,SH,603993,15.00,0.79,18.55,4.42,15.04,洛阳钼业,否,1.68,否,1,False,-0.66,19.17,3217.70亿
148,475.90亿,-5.54,58.28,5.82亿,1041.50万,SH,688187,54.77,0.89,22.25,1.83,54.77,时代电气,否,1.20,否,1,False,-3.21,19.10,743.75亿
149,1155.12亿,-1.85,16.85,2.17亿,1310.11万,SH,600346,16.38,0.61,18.94,1.84,16.41,恒力石化,否,0.19,否,1,False,-0.31,19.01,1155.12亿
150,403.51亿,-1.45,13.84,1.10亿,801.02万,SH,601808,13.62,0.75,16.56,1.45,13.63,中海油服,否,0.27,否,1,False,-0.20,18.54,650.37亿
151,5364.21亿,1.17,6.95,13.20亿,1.91亿,SH,601728,6.82,1.50,13.74,1.35,6.91,中国电信,否,0.25,否,1,False,0.08,18.48,6323.14亿
152,345.03亿,-6.68,53.29,6.91亿,1367.84万,SZ,002353,49.50,1.76,20.53,2.33,49.77,杰瑞股份,否,1.97,否,0,False,-3.56,18.33,509.57亿
153,1030.86亿,-6.38,13.12,47.11亿,3.70亿,SZ,000625,12.43,1.48,27.00,1.63,12.48,长安汽车,否,4.48,否,0,False,-0.85,18.25,1237.28亿
154,1271.50亿,-5.08,65.06,18.20亿,2833.07万,SH,600660,63.30,1.70,17.59,4.67,63.48,福耀玻璃,否,1.41,否,1,False,-3.40,18.24,1656.67亿
155,1673.72亿,-1.09,5.54,16.31亿,2.97亿,SH,600050,5.43,0.93,13.39,1.02,5.44,中国联通,否,0.97,否,1,False,-0.06,18.21,1700.78亿
156,1913.10亿,-1.86,40.91,12.35亿,3056.44万,SZ,002352,40.06,0.84,17.61,2.12,40.09,顺丰控股,否,0.64,否,0,False,-0.76,18.20,2020.31亿
157,5130.94亿,-0.73,5.49,8.24亿,1.51亿,SH,600028,5.41,0.96,15.26,0.79,5.41,中国石化,否,0.16,否,1,False,-0.04,18.16,6555.71亿
158,1203.40亿,-2.02,5.48,6.17亿,1.14亿,SZ,000166,5.32,0.90,15.61,1.23,5.34,申万宏源,否,0.51,否,0,False,-0.11,18.15,1337.13亿
159,498.82亿,-4.58,21.87,14.76亿,7082.54万,SH,600487,20.32,0.76,15.60,1.68,20.40,亨通光电,否,2.90,否,1,False,-0.98,18.15,503.21亿
160,421.14亿,-3.19,12.57,5.01亿,4076.05万,SH,600026,12.07,0.64,15.46,1.62,12.12,中远海能,否,1.17,否,1,False,-0.40,17.70,578.22亿
161,1925.55亿,-2.35,63.65,18.81亿,3013.46万,SH,600309,61.50,1.00,15.72,1.93,61.51,万华化学,否,0.96,否,1,False,-1.48,17.53,1925.55亿
162,878.52亿,-0.16,25.57,2.73亿,1071.70万,SZ,000895,25.22,1.03,18.91,4.22,25.36,双汇发展,否,0.31,否,0,False,-0.04,17.52,878.64亿
163,3542.16亿,-1.89,29.93,51.25亿,1.74亿,SH,600030,29.05,0.84,15.71,1.59,29.09,中信证券,否,1.43,否,1,False,-0.56,17.35,4311.30亿
164,774.48亿,-2.96,39.27,25.94亿,6819.54万,SH,600362,37.00,0.55,15.48,1.62,37.32,江西铜业,否,3.29,否,1,False,-1.14,17.18,1292.29亿
165,561.39亿,-3.87,8.25,9.59亿,1.19亿,SZ,000157,7.89,0.92,12.42,1.20,7.94,中联重科,否,1.69,否,0,False,-0.32,17.18,686.69亿
166,394.63亿,-4.46,19.53,14.66亿,7748.51万,SZ,002236,18.62,0.93,12.38,1.65,18.65,大华股份,否,3.66,否,0,False,-0.87,17.16,612.98亿
167,1059.98亿,-0.70,14.39,4.16亿,2915.38万,SH,600886,14.17,0.63,15.00,1.79,14.22,国投电力,否,0.39,否,1,False,-0.10,17.00,1138.24亿
168,528.55亿,-3.02,23.16,8.95亿,3970.46万,SH,601168,22.10,0.55,14.14,3.18,22.18,西部矿业,否,1.67,否,1,False,-0.69,16.62,528.55亿
169,974.36亿,0.11,108.36,13.26亿,1227.37万,SH,600941,107.47,0.96,13.86,1.67,107.93,中国移动,否,1.36,否,1,False,0.12,16.39,2.33万亿
170,1418.81亿,-3.26,23.60,5.12亿,2217.71万,SH,601633,22.80,1.07,15.43,2.32,22.85,长城汽车,否,0.36,否,1,False,-0.77,16.33,1955.47亿
171,1188.68亿,0.00,5.95,6.25亿,1.05亿,SH,601006,5.89,0.95,14.44,0.72,5.90,大秦铁路,否,0.52,否,1,False,0.00,16.30,1188.68亿
172,1294.40亿,-1.81,18.40,11.31亿,6249.45万,SH,601881,17.85,0.97,15.06,1.71,17.87,中国银河,否,0.86,否,1,False,-0.33,16.11,1953.98亿
173,522.02亿,-2.15,25.37,4.47亿,1807.23万,SH,600426,24.43,1.01,16.67,1.64,24.63,华鲁恒升,否,0.85,否,1,False,-0.54,16.10,522.95亿
174,584.43亿,-1.77,51.15,8901.85万,176.31万,SZ,300979,50.08,0.80,17.49,3.90,50.08,华利集团,否,0.15,否,0,False,-0.90,16.09,584.43亿
175,456.05亿,-2.40,5.45,2.01亿,3756.06万,SH,688009,5.27,0.93,17.28,1.24,5.29,中国通号,否,0.44,否,1,False,-0.13,15.93,560.20亿
176,723.39亿,-0.80,15.00,3.86亿,2593.95万,SH,600674,14.77,0.83,14.70,1.70,14.84,川投能源,否,0.53,否,1,False,-0.12,15.50,723.39亿
177,717.17亿,-0.53,21.54,12.53亿,5954.13万,SZ,000807,20.58,0.93,12.96,2.34,20.68,云铝股份,否,1.72,否,0,False,-0.11,15.39,717.17亿
178,1983.75亿,-1.50,137.64,10.72亿,787.53万,SZ,000568,134.85,0.70,12.97,4.27,135.00,泸州老窖,否,0.54,否,0,False,-2.05,15.16,1987.13亿
179,1379.78亿,-3.75,24.50,28.75亿,1.21亿,SZ,000776,23.22,0.76,13.74,1.43,23.37,广发证券,否,2.05,否,0,False,-0.91,15.14,1777.49亿
180,6909.75亿,-0.26,42.66,19.16亿,4547.70万,SH,601088,41.65,1.05,16.89,2.07,41.90,中国神华,否,0.28,否,1,False,-0.11,15.05,8324.91亿
181,701.68亿,-1.92,8.97,4.73亿,5390.97万,SH,601872,8.66,0.48,16.51,1.73,8.69,招商轮船,否,0.67,否,1,False,-0.17,14.82,701.68亿
182,636.60亿,-2.02,159.41,3.48亿,220.99万,SZ,000596,155.76,0.90,11.25,3.27,155.80,古井贡酒,否,0.54,否,0,False,-3.21,14.69,823.56亿
183,511.39亿,0.82,13.61,1.57亿,1167.17万,SH,600377,13.29,0.99,13.98,1.69,13.45,宁沪高速,否,0.31,否,1,False,0.11,14.66,677.58亿
184,641.60亿,-2.59,29.75,4.06亿,1391.42万,SH,600066,28.86,0.54,16.57,4.87,28.98,宇通客车,否,0.63,否,1,False,-0.77,14.66,641.60亿
185,564.72亿,-3.62,16.99,4.55亿,2722.52万,SH,600233,16.45,1.27,15.42,1.75,16.50,圆通速递,否,0.80,否,1,False,-0.62,14.65,564.72亿
186,4699.26亿,-1.36,122.96,21.97亿,1804.08万,SZ,000858,121.06,0.85,12.05,3.35,121.07,五 粮 液,否,0.46,否,0,False,-1.67,14.55,4699.46亿
187,949.53亿,-1.00,24.24,9.96亿,4160.17万,SH,600585,23.70,1.01,14.40,0.67,23.74,海螺水泥,否,1.04,否,1,False,-0.24,14.40,1258.05亿
188,1875.67亿,-2.03,7.90,8.85亿,1.14亿,SH,601766,7.70,0.85,15.27,1.30,7.71,中国中车,否,0.47,否,1,False,-0.16,14.34,2212.68亿
189,1240.80亿,-1.23,17.23,5.00亿,2943.56万,SH,600989,16.88,0.64,10.85,2.78,16.92,宝丰能源,否,0.40,否,1,False,-0.21,14.18,1240.80亿
190,735.38亿,-1.56,3.84,3.11亿,8180.30万,SH,601018,3.78,0.62,14.16,0.94,3.78,宁波港,否,0.42,否,1,False,-0.06,13.97,735.38亿
191,2523.38亿,-1.99,19.24,19.85亿,1.05亿,SH,601211,18.70,0.71,10.47,1.06,18.70,国泰海通,否,0.78,否,1,False,-0.38,13.88,3296.61亿
192,705.22亿,1.27,10.41,2.94亿,2843.65万,SZ,001965,10.18,1.15,14.08,1.08,10.34,招商公路,否,0.42,否,0,False,0.13,13.78,705.22亿
193,616.32亿,-6.40,30.39,10.30亿,3527.67万,SH,601877,28.50,1.13,12.06,1.44,28.68,正泰电器,否,1.64,否,1,False,-1.96,13.68,616.32亿
194,1261.00亿,-1.96,17.45,12.90亿,7511.03万,SH,600999,16.98,0.74,14.25,1.28,16.99,招商证券,否,1.01,否,1,False,-0.34,13.65,1477.54亿
195,1325.55亿,-2.89,14.26,8.42亿,6020.73万,SZ,002736,13.76,0.46,13.16,1.50,13.79,国信证券,否,0.63,否,0,False,-0.41,13.52,1412.34亿
196,662.33亿,-2.88,3.83,7.46亿,2.00亿,SH,601618,3.70,0.51,12.40,0.75,3.71,中国中冶,否,1.12,否,1,False,-0.11,13.50,768.85亿
197,913.18亿,-0.39,5.18,5.75亿,1.12亿,SH,600795,5.09,0.95,12.39,1.57,5.12,国电电力,否,0.63,否,1,False,-0.02,13.43,913.18亿
198,685.91亿,-0.73,13.88,1.81亿,1326.20万,SZ,000708,13.51,0.58,12.26,1.68,13.59,中信特钢,否,0.26,否,0,False,-0.10,13.19,685.91亿
199,890.36亿,1.55,15.41,19.00亿,1.25亿,SH,600188,14.65,1.53,16.21,2.53,15.03,兖矿能源,否,2.12,否,1,False,0.23,13.11,1508.63亿
200,566.67亿,-0.70,18.62,1.04亿,562.77万,SH,600803,18.38,0.58,11.85,2.47,18.42,新奥股份,否,0.18,否,1,False,-0.13,13.05,570.48亿
201,505.27亿,0.31,23.80,18.60亿,8125.99万,SZ,000933,22.30,1.15,13.28,2.26,22.48,神火股份,否,3.62,否,0,False,0.07,12.88,505.65亿
202,5045.46亿,-0.52,73.59,20.17亿,2764.91万,SZ,000333,72.64,0.64,10.75,2.59,72.80,美的集团,否,0.40,否,0,False,-0.38,12.79,5593.35亿
203,489.82亿,0.76,12.22,5.96亿,4994.65万,SZ,002532,11.74,0.80,13.24,1.98,11.86,天山铝业,否,1.21,否,0,False,0.09,12.35,551.71亿
204,794.50亿,-1.21,2.50,8.53亿,3.46亿,SH,601868,2.44,0.72,18.23,0.94,2.45,中国能建,否,1.07,否,1,False,-0.03,12.14,1021.43亿
205,1115.13亿,-1.51,8.86,24.08亿,2.80亿,SH,601600,8.45,0.68,10.28,2.03,8.47,XD中国铝,否,2.13,否,1,False,-0.13,11.66,1453.08亿
206,1564.88亿,-0.91,25.50,11.14亿,4421.99万,SH,600690,25.01,0.89,9.75,2.04,25.02,海尔智家,否,0.71,否,1,False,-0.23,11.52,2346.99亿
207,2176.53亿,-0.40,22.80,13.03亿,5782.76万,SH,601225,22.28,0.82,14.25,2.45,22.45,陕西煤业,否,0.60,否,1,False,-0.09,11.52,2176.53亿
208,717.86亿,-1.71,14.67,8.36亿,5764.47万,SZ,000338,14.37,0.68,11.12,1.40,14.40,潍柴动力,否,1.16,否,0,False,-0.25,11.26,1254.76亿
209,446.26亿,-0.83,3.67,3.92亿,1.08亿,SH,601991,3.58,0.79,7.27,2.00,3.60,大唐发电,否,0.87,否,1,False,-0.03,11.15,666.24亿
210,354.34亿,-0.53,20.81,7957.76万,384.87万,SZ,001872,20.51,0.79,9.70,0.81,20.54,招商港口,否,0.22,否,0,False,-0.11,11.09,509.75亿
211,506.24亿,-0.98,18.41,2.81亿,1535.20万,SH,601607,18.12,0.77,7.55,0.90,18.15,上海医药,否,0.55,否,1,False,-0.18,11.09,673.07亿
212,1575.34亿,-2.22,22.32,27.89亿,1.27亿,SH,601688,21.56,0.60,12.89,1.17,21.56,华泰证券,否,1.74,否,1,False,-0.49,11.06,1946.19亿
213,580.22亿,1.17,8.72,2.60亿,3009.07万,SH,600039,8.46,0.78,13.51,1.58,8.64,四川路桥,否,0.45,否,1,False,0.10,11.06,751.30亿
214,1107.87亿,-0.27,18.90,6.32亿,3382.69万,SZ,300498,18.52,0.65,17.79,2.99,18.58,温氏股份,否,0.57,否,0,False,-0.05,10.88,1236.30亿
215,8498.08亿,-4.11,42.75,14.25亿,3429.39万,SH,601628,40.68,1.34,14.09,2.23,40.81,XD中国人,否,0.16,否,1,False,-1.75,10.53,1.15万亿
216,540.44亿,0.29,24.74,4.22亿,1739.62万,SZ,002128,24.00,1.07,9.70,1.51,24.11,电投能源,否,0.78,否,0,False,0.07,10.43,540.44亿
217,466.95亿,0.58,8.72,1.41亿,1631.53万,SH,601298,8.59,0.86,9.89,1.28,8.66,青岛港,否,0.30,否,1,False,0.05,10.34,562.13亿
218,1216.30亿,0.00,13.59,9.39亿,7029.68万,SH,601898,13.11,1.35,11.44,1.13,13.29,中煤能源,否,0.77,否,1,False,0.00,10.22,1762.08亿
219,1928.92亿,-1.38,51.48,16.36亿,3216.14万,SZ,002714,50.38,0.69,13.13,3.57,50.62,牧原股份,否,0.84,否,0,False,-0.71,10.03,2765.25亿
220,446.79亿,-0.76,5.32,3.92亿,7415.82万,SH,600027,5.24,0.97,7.81,1.27,5.25,华电国际,否,0.87,否,1,False,-0.04,9.90,609.62亿
221,709.41亿,-2.14,23.94,4.49亿,1905.48万,SZ,002001,23.30,0.76,9.96,2.40,23.36,新 和 成,否,0.63,否,0,False,-0.51,9.88,717.95亿
222,822.63亿,0.00,7.58,6.08亿,8098.25万,SH,600011,7.45,1.12,6.34,1.89,7.48,华能国际,否,0.74,否,1,False,0.00,9.83,1174.22亿
223,1.36万亿,-0.24,8.50,12.64亿,1.50亿,SH,601857,8.36,0.89,9.16,0.99,8.41,中国石油,否,0.09,否,1,False,-0.02,9.63,1.54万亿
224,501.32亿,-1.61,28.39,9.11亿,3272.84万,SH,600096,27.44,0.66,9.08,2.25,27.50,云天化,否,1.80,否,1,False,-0.45,9.54,501.32亿
225,765.14亿,-0.58,25.92,11.08亿,4302.94万,SH,600938,25.56,0.92,8.75,1.55,25.59,XD中国海,否,1.44,否,1,False,-0.15,9.52,1.22万亿
226,694.57亿,-0.19,5.24,3.90亿,7509.08万,SH,600023,5.17,0.75,9.89,0.94,5.18,XD浙能电,否,0.56,否,1,False,-0.01,9.46,694.57亿
227,2.43万亿,1.74,7.69,45.75亿,6.03亿,SH,601288,7.47,1.12,9.56,1.00,7.62,农业银行,否,0.19,否,1,False,0.13,9.33,2.67万亿
228,615.10亿,-1.56,20.33,4.94亿,2496.00万,SH,600741,19.44,1.10,10.67,0.98,19.51,华域汽车,否,0.79,否,1,False,-0.31,9.16,615.10亿
229,4312.97亿,0.00,13.44,10.84亿,8169.32万,SH,600000,13.11,0.61,7.32,0.61,13.32,浦发银行,否,0.25,否,1,False,0.00,9.07,4312.97亿
230,1293.05亿,-0.36,5.64,1.94亿,3464.32万,SH,600018,5.56,0.81,8.06,0.95,5.57,上港集团,否,0.15,否,1,False,-0.02,8.90,1296.77亿
231,597.21亿,-2.63,18.25,7.22亿,4026.84万,SZ,002648,17.70,0.86,10.89,1.92,17.74,卫星化学,否,1.20,否,0,False,-0.48,8.84,597.60亿
232,742.46亿,-1.90,5.82,11.58亿,2.02亿,SH,601669,5.66,0.66,9.02,0.68,5.68,中国电建,否,1.55,否,1,False,-0.11,8.78,978.45亿
233,6106.09亿,-1.28,58.48,39.17亿,6774.93万,SH,601318,57.17,0.89,7.62,1.10,57.28,中国平安,否,0.64,否,1,False,-0.74,8.64,1.04万亿
234,3017.31亿,-0.58,8.68,9.30亿,1.09亿,SH,601319,8.46,0.83,7.08,1.34,8.50,中国人保,否,0.31,否,1,False,-0.05,8.05,3759.04亿
235,3839.40亿,-0.52,5.79,9.96亿,1.74亿,SH,601658,5.69,0.99,6.98,0.69,5.72,邮储银行,否,0.26,否,1,False,-0.03,7.91,6869.44亿
236,2.05万亿,-0.13,7.72,31.25亿,4.09亿,SH,601398,7.57,0.89,8.08,0.72,7.62,工商银行,否,0.15,否,1,False,-0.01,7.47,2.72万亿
237,2515.55亿,-2.52,38.00,15.25亿,4088.52万,SH,601601,36.65,0.69,6.34,1.25,36.75,中国太保,否,0.60,否,1,False,-0.95,7.41,3535.48亿
238,1.13万亿,-0.74,5.43,16.67亿,3.10亿,SH,601988,5.33,0.95,7.32,0.65,5.34,中国银行,否,0.15,否,1,False,-0.04,7.27,1.72万亿
239,884.54亿,0.33,9.34,15.76亿,1.70亿,SH,601939,9.14,1.09,7.44,0.72,9.22,建设银行,否,1.77,否,1,False,0.03,7.24,2.41万亿
240,8579.58亿,-0.81,42.22,34.71亿,8298.27万,SH,600036,41.38,0.71,7.00,0.99,41.59,招商银行,否,0.40,否,1,False,-0.34,7.06,1.05万亿
241,1396.41亿,-2.43,69.21,22.11亿,3252.98万,SH,601336,66.79,0.81,7.06,2.50,66.96,新华保险,否,1.56,否,1,False,-1.67,6.98,2088.85亿
242,643.38亿,0.00,7.42,4.35亿,5965.17万,SH,601077,7.22,0.55,5.37,0.63,7.28,渝农商行,否,0.67,否,1,False,0.00,6.98,826.79亿
243,2218.20亿,-1.35,41.05,18.33亿,4518.04万,SZ,000651,40.17,0.88,7.82,1.81,40.22,格力电器,否,0.82,否,0,False,-0.55,6.94,2252.89亿
244,830.58亿,0.57,8.89,2.62亿,2960.30万,SH,601825,8.79,0.76,6.09,0.67,8.86,沪农商行,否,0.32,否,1,False,0.05,6.93,854.50亿
245,1444.06亿,0.17,11.80,4.87亿,4157.75万,SH,601009,11.64,0.53,5.72,0.81,11.68,南京银行,否,0.34,否,1,False,0.02,6.81,1444.06亿
246,1029.44亿,-1.47,8.91,2.81亿,3185.22万,SH,601800,8.72,0.82,7.43,0.49,8.74,中国交建,否,0.27,否,1,False,-0.13,6.60,1422.75亿
247,1819.86亿,-0.29,7.11,18.29亿,2.60亿,SH,601328,6.95,1.01,6.70,0.55,6.98,交通银行,否,1.00,否,1,False,-0.02,6.54,6167.79亿
248,1811.67亿,0.18,27.85,12.51亿,4533.23万,SZ,002142,27.25,1.03,6.14,0.82,27.45,宁波银行,否,0.69,否,0,False,0.05,6.42,1812.69亿
249,1188.84亿,0.68,16.57,11.87亿,7222.45万,SH,600926,16.26,1.02,5.10,0.91,16.40,杭州银行,否,1.00,否,1,False,0.11,6.38,1188.84亿
250,3175.44亿,-0.64,7.90,6.73亿,8603.28万,SH,601998,7.77,0.93,5.94,0.61,7.79,中信银行,否,0.21,否,1,False,-0.05,6.23,4334.76亿
251,2016.81亿,-0.45,11.17,17.08亿,1.54亿,SH,600919,10.95,0.67,4.98,0.81,10.99,江苏银行,否,0.84,否,1,False,-0.05,6.05,2016.81亿
252,783.17亿,-0.75,18.83,4.96亿,2665.63万,SH,601838,18.45,0.79,5.93,0.95,18.51,成都银行,否,0.63,否,1,False,-0.14,5.90,784.53亿
253,661.41亿,-0.32,3.10,6.87亿,2.23亿,SH,601916,3.06,1.01,5.50,0.48,3.07,浙商银行,否,1.03,否,1,False,-0.01,5.68,843.16亿
254,1348.43亿,-1.04,9.66,7.34亿,7688.94万,SH,601229,9.45,0.58,5.10,0.55,9.49,上海银行,否,0.54,否,1,False,-0.10,5.66,1348.43亿
255,1422.03亿,-1.23,4.08,18.76亿,4.64亿,SH,600016,4.00,0.80,4.11,0.31,4.01,民生银行,否,1.31,否,1,False,-0.05,5.63,1755.68亿
256,4272.78亿,-1.27,20.62,20.92亿,1.03亿,SH,601166,20.15,0.81,4.95,0.58,20.19,兴业银行,否,0.49,否,1,False,-0.26,5.53,4272.78亿
257,1160.92亿,-1.22,5.77,7.41亿,1.30亿,SH,601390,5.65,0.56,5.93,0.45,5.67,中国中铁,否,0.63,否,1,False,-0.07,5.52,1402.82亿
258,919.11亿,-0.62,8.08,3.55亿,4425.32万,SH,601186,7.98,0.70,5.07,0.40,7.99,中国铁建,否,0.38,否,1,False,-0.05,5.16,1085.01亿
259,2212.24亿,-1.21,11.58,11.94亿,1.04亿,SZ,000001,11.38,0.78,4.45,0.50,11.40,平安银行,否,0.54,否,0,False,-0.14,5.09,2212.27亿
260,2309.81亿,-1.06,5.68,13.34亿,2.37亿,SH,601668,5.58,0.91,3.80,0.49,5.59,中国建筑,否,0.57,否,1,False,-0.06,4.90,2309.81亿
261,1591.75亿,-1.15,3.49,13.00亿,3.76亿,SH,601818,3.43,0.73,4.12,0.41,3.43,光大银行,否,0.81,否,1,False,-0.04,4.84,2026.63亿
262,1211.49亿,-0.52,5.80,14.11亿,2.45亿,SH,601169,5.72,0.67,4.02,0.44,5.73,北京银行,否,1.16,否,1,False,-0.03,4.66,1211.49亿
263,1886.45亿,-0.20,15.10,13.94亿,9300.57万,SH,601919,14.90,0.88,6.61,1.00,14.96,中远海控,否,0.74,否,1,False,-0.03,4.66,2317.27亿
264,1046.33亿,-0.73,6.89,7.06亿,1.03亿,SH,600015,6.78,0.66,4.72,0.35,6.80,华夏银行,否,0.67,否,1,False,-0.05,4.06,1082.22亿
